snapshot_date,building,in_market,unit,unit_type,beds,baths,sqft,asking_rent,net_effective_rent,price_basis,concession_text,available_date,data_flag,conc_months,lease_months,first_seen,last_seen,active
2026-07-17,134 Baldwin,1,308,Studio,0,1.0,561,2250.0,,asking,,2026-07-01,,,,2026-06-18,2026-07-17,0
2026-07-20,134 Baldwin,1,404,Studio,0,1.0,500,2100.0,,asking,,2026-07-09,,,,2026-07-09,2026-07-20,1
2026-07-20,134 Baldwin,1,414,Studio,0,1.0,660,2399.0,,asking,,2026-07-11,,,,2026-06-18,2026-07-20,1
2026-07-20,134 Baldwin,1,504,Studio,0,1.0,575,2499.0,,asking,,2026-07-01,,,,2026-06-18,2026-07-20,1
2026-07-20,134 Baldwin,1,513,Studio,0,1.0,565,2350.0,,asking,,2026-07-01,,,,2026-06-18,2026-07-20,1
2026-07-08,134 Baldwin,1,603,Studio,0,1.0,500,2100.0,,asking,,2026-07-01,,,,2026-06-18,2026-07-08,0
2026-06-25,134 Baldwin,1,710,Studio,0,1.0,565,2350.0,,asking,,2026-05-27,,,,2026-06-18,2026-06-25,0
2026-07-20,134 Baldwin,1,713,Studio,0,1.0,565,2350.0,,asking,,2026-07-01,,,,2026-06-18,2026-07-20,1
2026-07-20,134 Baldwin,1,802,Studio,0,1.0,500,2150.0,,asking,,2026-07-17,,,,2026-07-18,2026-07-20,1
2026-07-20,3 Journal Square,1,0217,1BR,1,1.0,752,3269.0,,asking,,,,,,2026-06-17,2026-07-20,1
2026-07-20,3 Journal Square,1,0417,1BR,1,1.0,752,3299.0,,asking,,,,,,2026-06-17,2026-07-20,1
2026-06-30,3 Journal Square,1,0615,1BR,1,1.0,687,3079.0,,asking,,,,,,2026-06-17,2026-06-30,0
2026-07-20,3 Journal Square,1,0701,1BR,1,1.0,687,3089.0,,asking,,,,,,2026-06-24,2026-07-20,1
2026-07-07,3 Journal Square,1,0705,1BR,1,1.0,704,2960.0,,asking,,,,,,2026-06-30,2026-07-07,0
2026-06-21,3 Journal Square,1,1101,1BR,1,1.0,687,3109.0,,asking,,,,,,2026-06-20,2026-06-21,0
2026-07-20,3 Journal Square,1,1115,1BR,1,1.0,687,3159.0,,asking,,,,,,2026-06-17,2026-07-20,1
2026-06-27,3 Journal Square,1,1117,1BR,1,1.0,752,3379.0,,asking,,,,,,2026-06-17,2026-06-27,0
2026-07-20,3 Journal Square,1,PH01,1BR,1,1.0,687,3169.0,,asking,,,,,,2026-06-17,2026-07-20,1
2026-07-20,3 Journal Square,1,0214,2BR,2,2.0,1156,4309.0,,asking,,,,,,2026-07-05,2026-07-20,1
2026-07-20,3 Journal Square,1,0404,2BR,2,2.0,1052,3749.0,,asking,,,,,,2026-07-18,2026-07-20,1
2026-07-02,3 Journal Square,1,0609,Studio,0,1.0,496,2399.0,,asking,,,,,,2026-07-02,2026-07-02,0
2026-06-29,3 Journal Square,1,0612,Studio,0,1.0,496,2389.0,,asking,,,,,,2026-06-24,2026-06-29,0
2026-07-12,345 Baldwin,1,1006,1BR,1,1.0,664,3190.0,2791.0,both,"$2,117.50 Net Effective Rent",8/7/2026,,1,12,2026-06-08,2026-07-12,0
2026-07-20,345 Baldwin,1,1008,1BR,1,1.0,620,2975.0,2603.0,both,"$2,603.13 Net Effective Rent",8/30/2026,,1,12,2026-06-22,2026-07-20,1
2026-07-12,345 Baldwin,1,1106,1BR,1,1.0,664,3210.0,2808.0,both,"$2,117.50 Net Effective Rent",9/27/2026,,1,12,2026-07-11,2026-07-12,0
2026-07-14,345 Baldwin,1,1110,1BR,1,1.0,650,3075.0,2690.0,both,"$2,603.13 Net Effective Rent",7/25/2026,,1,12,2026-06-08,2026-07-14,0
2026-07-02,345 Baldwin,1,1205,1BR,1,1.0,664,3200.0,2800.0,both,"$2,117.50 Net Effective Rent",,,1,12,2026-06-08,2026-07-02,0
2026-07-16,345 Baldwin,1,1207,1BR,1,1.0,620,2995.0,2620.0,both,"$2,603.13 Net Effective Rent",,,1,12,2026-06-08,2026-07-16,0
2026-06-26,345 Baldwin,1,308,1BR,1,1.0,620,2795.0,2445.0,both,"$2,100.00 Net Effective Rent",,,1,12,2026-06-08,2026-06-26,0
2026-07-04,345 Baldwin,1,408,1BR,1,1.0,620,2815.0,2463.0,both,"$2,117.50 Net Effective Rent",8/29/2026,,1,12,2026-07-03,2026-07-04,0
2026-06-28,345 Baldwin,1,710,1BR,1,1.0,650,2930.0,2563.0,both,"$2,100.00 Net Effective Rent",7/7/2026,,1,12,2026-06-11,2026-06-28,0
2026-07-07,345 Baldwin,1,1107,2BR,2,2.0,833,3800.0,3325.0,both,"$2,117.50 Net Effective Rent",8/28/2026,,1,12,2026-06-20,2026-07-07,0
2026-07-18,345 Baldwin,1,701,2BR,2,2.0,947,4100.0,3587.0,both,"$2,603.13 Net Effective Rent",,,1,12,2026-06-08,2026-07-18,0
2026-06-11,345 Baldwin,1,807,2BR,2,2.0,833,3650.0,3345.0,both,"$2,200.00 Net Effective Rent",8/7/2026,,1,12,2026-06-08,2026-06-11,0
2026-07-08,345 Baldwin,1,1303,3BR,3,3.0,1371,5750.0,5031.0,both,"$2,117.50 Net Effective Rent",,,1,12,2026-07-06,2026-07-08,0
2026-07-09,345 Baldwin,1,1002,Studio,0,1.0,391,2480.0,2170.0,both,"$2,117.50 Net Effective Rent",,,1,12,2026-06-11,2026-07-09,0
2026-06-19,345 Baldwin,1,1202,Studio,0,1.0,391,2490.0,2178.0,both,"$2,100.00 Net Effective Rent",6/23/2026,,1,12,2026-06-15,2026-06-19,0
2026-06-29,345 Baldwin,1,303,Studio,0,1.0,391,2400.0,2100.0,both,"$2,100.00 Net Effective Rent",7/2/2026,,1,12,2026-06-08,2026-06-29,0
2026-07-13,345 Baldwin,1,502,Studio,0,1.0,391,2420.0,2117.0,both,"$2,117.50 Net Effective Rent",,,1,12,2026-06-12,2026-07-13,0
2026-07-08,345 Baldwin,1,704,Studio,0,1.0,391,2460.0,2152.0,both,"$2,117.50 Net Effective Rent",,,1,12,2026-06-08,2026-07-08,0
2026-06-29,345 Baldwin,1,803,Studio,0,1.0,391,2550.0,2231.0,both,"$2,100.00 Net Effective Rent",,,1,12,2026-06-08,2026-06-29,0
2026-07-20,413 Summit,1,1010,1BR,1,1.0,,2995.0,2765.0,net+derived_gross,"*The advertised rent is net effective, reflecting one month free on a 13-month lease. Now offering reduced $1,000 security deposit for applicants with 700+ credit scores.",,,1,13,2026-06-08,2026-07-20,1
2026-07-20,413 Summit,1,409,1BR,1,1.0,,2595.0,2395.0,net+derived_gross,"*The advertised rent is net effective, reflecting one month free on a 13-month lease. Now offering reduced $1,000 security deposit for applicants with 700+ credit scores.",,,1,13,2026-06-08,2026-07-20,1
2026-07-05,505 Summit,1,0403,1BR,1,1.0,794,3551.0,3131.0,both,GRAND OPENING: OFFERING UP TO 2.5 MONTHS FREE*,,,2.5,24,2026-07-04,2026-07-05,0
2026-06-08,505 Summit,1,0811,1BR,1,1.0,627,3686.0,3252.0,both,,,,2.5,24,2026-06-08,2026-06-08,0
2026-07-12,505 Summit,1,0811,1BR,1,1.0,627,3456.0,3046.0,both,GRAND OPENING: OFFERING UP TO 2.5 MONTHS FREE*,,,2.5,24,2026-06-24,2026-07-12,0
2026-06-11,505 Summit,1,0908,1BR,1,1.0,630,3731.0,3292.0,both,GRAND OPENING: OFFERING UP TO 2.5 MONTHS FREE*,,,2.5,24,2026-06-08,2026-06-11,0
2026-07-11,505 Summit,1,0908,1BR,1,1.0,630,3631.0,3203.0,both,GRAND OPENING: OFFERING UP TO 2.5 MONTHS FREE*,,,2.5,24,2026-06-12,2026-07-11,0
2026-07-14,505 Summit,1,1407,1BR,1,1.0,648,3756.0,3238.0,both,GRAND OPENING: OFFERING UP TO 3 MONTHS FREE*,,,2.5,24,2026-07-14,2026-07-14,0
2026-06-23,505 Summit,1,1508,1BR,1,1.0,630,3811.0,3364.0,both,GRAND OPENING: OFFERING UP TO 2.5 MONTHS FREE*,,,2.5,24,2026-06-19,2026-06-23,0
2026-06-11,505 Summit,1,1811,1BR,1,1.0,627,3651.0,3221.0,both,GRAND OPENING: OFFERING UP TO 2.5 MONTHS FREE*,,,2.5,24,2026-06-08,2026-06-11,0
2026-06-19,505 Summit,1,1811,1BR,1,1.0,627,3651.0,3221.0,both,GRAND OPENING: OFFERING UP TO 2.5 MONTHS FREE*,,,2.5,24,2026-06-12,2026-06-19,0
2026-07-09,505 Summit,1,1911,1BR,1,1.0,627,3601.0,3176.0,both,GRAND OPENING: OFFERING UP TO 2.5 MONTHS FREE*,,,2.5,24,2026-06-23,2026-07-09,0
2026-06-11,505 Summit,1,2907,1BR,1,1.0,727,4031.0,3561.0,both,GRAND OPENING: OFFERING UP TO 2.5 MONTHS FREE*,,,2.5,24,2026-06-11,2026-06-11,0
2026-06-27,505 Summit,1,2907,1BR,1,1.0,727,3951.0,3489.0,both,GRAND OPENING: OFFERING UP TO 2.5 MONTHS FREE*,,,2.5,24,2026-06-12,2026-06-27,0
2026-06-11,505 Summit,1,2910,1BR,1,1.0,569,3656.0,3225.0,both,GRAND OPENING: OFFERING UP TO 2.5 MONTHS FREE*,,,2.5,24,2026-06-08,2026-06-11,0
2026-07-02,505 Summit,1,2910,1BR,1,1.0,569,3656.0,3225.0,both,GRAND OPENING: OFFERING UP TO 2.5 MONTHS FREE*,,,2.5,24,2026-06-12,2026-07-02,0
2026-07-09,505 Summit,1,3007,1BR,1,1.0,727,3971.0,3507.0,both,GRAND OPENING: OFFERING UP TO 2.5 MONTHS FREE*,,,2.5,24,2026-07-08,2026-07-09,0
2026-07-11,505 Summit,1,3009,1BR,1,1.0,736,3931.0,3471.0,both,GRAND OPENING: OFFERING UP TO 2.5 MONTHS FREE*,,,2.5,24,2026-06-23,2026-07-11,0
2026-06-11,505 Summit,1,3109,1BR,1,1.0,736,3996.0,3530.0,both,GRAND OPENING: OFFERING UP TO 2.5 MONTHS FREE*,,,2.5,24,2026-06-08,2026-06-11,0
2026-06-21,505 Summit,1,3109,1BR,1,1.0,736,3996.0,3530.0,both,GRAND OPENING: OFFERING UP TO 2.5 MONTHS FREE*,,,2.5,24,2026-06-12,2026-06-21,0
2026-06-11,505 Summit,1,3112,1BR,1,1.0,690,3686.0,3252.0,both,GRAND OPENING: OFFERING UP TO 2.5 MONTHS FREE*,,,2.5,24,2026-06-11,2026-06-11,0
2026-07-02,505 Summit,1,3310,1BR,1,1.0,569,3696.0,3261.0,both,GRAND OPENING: OFFERING UP TO 2.5 MONTHS FREE*,,,2.5,24,2026-07-01,2026-07-02,0
2026-06-08,505 Summit,1,3411,1BR,1,1.0,,3856.0,3404.0,both,,,,2.5,24,2026-06-08,2026-06-08,0
2026-06-08,505 Summit,1,3608,1BR,1,1.0,,3981.0,3516.0,both,,,,2.5,24,2026-06-08,2026-06-08,0
2026-06-23,505 Summit,1,3808,1BR,1,1.0,608,3996.0,3530.0,both,GRAND OPENING: OFFERING UP TO 2.5 MONTHS FREE*,,,2.5,24,2026-06-15,2026-06-23,0
2026-06-11,505 Summit,1,3811,1BR,1,1.0,698,3946.0,3485.0,both,GRAND OPENING: OFFERING UP TO 2.5 MONTHS FREE*,,,2.5,24,2026-06-11,2026-06-11,0
2026-06-13,505 Summit,1,3811,1BR,1,1.0,698,3946.0,3485.0,both,GRAND OPENING: OFFERING UP TO 2.5 MONTHS FREE*,,,2.5,24,2026-06-12,2026-06-13,0
2026-06-11,505 Summit,1,3913,1BR,1,1.0,725,4551.0,4027.0,both,GRAND OPENING: OFFERING UP TO 2.5 MONTHS FREE*,,,2.5,24,2026-06-08,2026-06-11,0
2026-07-17,505 Summit,1,3913,1BR,1,1.0,725,4551.0,3933.0,both,GRAND OPENING: OFFERING UP TO 3 MONTHS FREE*,,,2.5,24,2026-06-12,2026-07-17,0
2026-07-03,505 Summit,1,4011,1BR,1,1.0,673,4001.0,3534.0,both,GRAND OPENING: OFFERING UP TO 2.5 MONTHS FREE*,,,2.5,24,2026-06-23,2026-07-03,0
2026-07-14,505 Summit,1,4108,1BR,1,1.0,608,3941.0,3399.0,both,GRAND OPENING: OFFERING UP TO 3 MONTHS FREE*,,,2.5,24,2026-07-11,2026-07-14,0
2026-06-11,505 Summit,1,4207,1BR,1,1.0,732,4111.0,3633.0,both,GRAND OPENING: OFFERING UP TO 2.5 MONTHS FREE*,,,2.5,24,2026-06-08,2026-06-11,0
2026-06-13,505 Summit,1,4207,1BR,1,1.0,732,4111.0,3633.0,both,GRAND OPENING: OFFERING UP TO 2.5 MONTHS FREE*,,,2.5,24,2026-06-12,2026-06-13,0
2026-06-11,505 Summit,1,4313,1BR,1,1.0,725,3926.0,3467.0,both,GRAND OPENING: OFFERING UP TO 2.5 MONTHS FREE*,,,2.5,24,2026-06-08,2026-06-11,0
2026-07-07,505 Summit,1,4313,1BR,1,1.0,725,3926.0,3467.0,both,GRAND OPENING: OFFERING UP TO 2.5 MONTHS FREE*,,,2.5,24,2026-06-12,2026-07-07,0
2026-06-11,505 Summit,1,4404,1BR,1,1.0,717,3851.0,3400.0,both,GRAND OPENING: OFFERING UP TO 2.5 MONTHS FREE*,,,2.5,24,2026-06-08,2026-06-11,0
2026-07-02,505 Summit,1,4404,1BR,1,1.0,717,3851.0,3400.0,both,GRAND OPENING: OFFERING UP TO 2.5 MONTHS FREE*,,,2.5,24,2026-06-12,2026-07-02,0
2026-06-11,505 Summit,1,4409,1BR,1,1.0,730,4151.0,3668.0,both,GRAND OPENING: OFFERING UP TO 2.5 MONTHS FREE*,,,2.5,24,2026-06-08,2026-06-11,0
2026-07-10,505 Summit,1,4409,1BR,1,1.0,730,4091.0,3615.0,both,GRAND OPENING: OFFERING UP TO 2.5 MONTHS FREE*,,,2.5,24,2026-06-12,2026-07-10,0
2026-07-10,505 Summit,1,4504,1BR,1,1.0,717,3851.0,3400.0,both,GRAND OPENING: OFFERING UP TO 2.5 MONTHS FREE*,,,2.5,24,2026-07-08,2026-07-10,0
2026-06-11,505 Summit,1,4511,1BR,1,1.0,673,4081.0,3606.0,both,GRAND OPENING: OFFERING UP TO 2.5 MONTHS FREE*,,,2.5,24,2026-06-08,2026-06-11,0
2026-07-20,505 Summit,1,4511,1BR,1,1.0,673,4081.0,3522.0,both,GRAND OPENING: OFFERING UP TO 3 MONTHS FREE*,,,2.5,24,2026-06-12,2026-07-20,1
2026-07-20,505 Summit,1,4608,1BR,1,1.0,608,4041.0,3487.0,both,GRAND OPENING: OFFERING UP TO 3 MONTHS FREE*,,,2.5,24,2026-07-08,2026-07-20,1
2026-06-11,505 Summit,1,4612,1BR,1,1.0,688,3926.0,3467.0,both,GRAND OPENING: OFFERING UP TO 2.5 MONTHS FREE*,,,2.5,24,2026-06-08,2026-06-11,0
2026-07-19,505 Summit,1,4612,1BR,1,1.0,688,3926.0,3386.0,both,GRAND OPENING: OFFERING UP TO 3 MONTHS FREE*,,,2.5,24,2026-06-12,2026-07-19,0
2026-06-11,505 Summit,1,4701,1BR,1,1.0,600,4116.0,3637.0,both,GRAND OPENING: OFFERING UP TO 2.5 MONTHS FREE*,,,2.5,24,2026-06-08,2026-06-11,0
2026-07-20,505 Summit,1,4701,1BR,1,1.0,600,4116.0,3553.0,both,GRAND OPENING: OFFERING UP TO 3 MONTHS FREE*,,,2.5,24,2026-06-12,2026-07-20,1
2026-07-17,505 Summit,1,4710,1BR,1,1.0,793,4201.0,3627.0,both,GRAND OPENING: OFFERING UP TO 3 MONTHS FREE*,,,2.5,24,2026-07-14,2026-07-17,0
2026-06-11,505 Summit,1,4808,1BR,1,1.0,710,4171.0,3686.0,both,GRAND OPENING: OFFERING UP TO 2.5 MONTHS FREE*,,,2.5,24,2026-06-08,2026-06-11,0
2026-07-20,505 Summit,1,4808,1BR,1,1.0,710,4191.0,3618.0,both,GRAND OPENING: OFFERING UP TO 3 MONTHS FREE*,,,2.5,24,2026-06-12,2026-07-20,1
2026-07-03,505 Summit,1,4812,1BR,1,1.0,730,4106.0,3628.0,both,GRAND OPENING: OFFERING UP TO 2.5 MONTHS FREE*,,,2.5,24,2026-06-30,2026-07-03,0
2026-06-11,505 Summit,1,4905,1BR,1,1.0,699,3931.0,3471.0,both,GRAND OPENING: OFFERING UP TO 2.5 MONTHS FREE*,,,2.5,24,2026-06-08,2026-06-11,0
2026-07-03,505 Summit,1,4905,1BR,1,1.0,699,3931.0,3471.0,both,GRAND OPENING: OFFERING UP TO 2.5 MONTHS FREE*,,,2.5,24,2026-06-12,2026-07-03,0
2026-06-11,505 Summit,1,4912,1BR,1,1.0,730,4116.0,3637.0,both,GRAND OPENING: OFFERING UP TO 2.5 MONTHS FREE*,,,2.5,24,2026-06-08,2026-06-11,0
2026-07-13,505 Summit,1,4912,1BR,1,1.0,730,4116.0,3637.0,both,GRAND OPENING: OFFERING UP TO 2.5 MONTHS FREE*,,,2.5,24,2026-06-12,2026-07-13,0
2026-07-11,505 Summit,1,5001,1BR,1,1.0,600,3631.0,3203.0,both,GRAND OPENING: OFFERING UP TO 2.5 MONTHS FREE*,,,2.5,24,2026-06-30,2026-07-11,0
2026-06-08,505 Summit,1,5010,1BR,1,1.0,793,4251.0,3758.0,both,,,,2.5,24,2026-06-08,2026-06-08,0
2026-07-10,505 Summit,1,5010,1BR,1,1.0,793,4251.0,3758.0,both,GRAND OPENING: OFFERING UP TO 2.5 MONTHS FREE*,,,2.5,24,2026-06-23,2026-07-10,0
2026-06-11,505 Summit,1,5011,1BR,1,1.0,594,3846.0,3395.0,both,GRAND OPENING: OFFERING UP TO 2.5 MONTHS FREE*,,,2.5,24,2026-06-08,2026-06-11,0
2026-07-20,505 Summit,1,5011,1BR,1,1.0,594,3846.0,3316.0,both,GRAND OPENING: OFFERING UP TO 3 MONTHS FREE*,,,2.5,24,2026-06-12,2026-07-20,1
2026-07-20,505 Summit,1,5012,1BR,1,1.0,730,4141.0,3574.0,both,GRAND OPENING: OFFERING UP TO 3 MONTHS FREE*,,,2.5,24,2026-07-14,2026-07-20,1
2026-06-11,505 Summit,1,5013,1BR,1,1.0,701,4026.0,3556.0,both,GRAND OPENING: OFFERING UP TO 2.5 MONTHS FREE*,,,2.5,24,2026-06-08,2026-06-11,0
2026-07-20,505 Summit,1,5013,1BR,1,1.0,701,4026.0,3474.0,both,GRAND OPENING: OFFERING UP TO 3 MONTHS FREE*,,,2.5,24,2026-06-12,2026-07-20,1
2026-06-08,505 Summit,1,5208,1BR,1,1.0,,4601.0,4072.0,both,,,,2.5,24,2026-06-08,2026-06-08,0
2026-06-11,505 Summit,1,5311,1BR,1,1.0,551,3771.0,3328.0,both,GRAND OPENING: OFFERING UP TO 2.5 MONTHS FREE*,,,2.5,24,2026-06-08,2026-06-11,0
2026-07-13,505 Summit,1,5311,1BR,1,1.0,551,3771.0,3328.0,both,GRAND OPENING: OFFERING UP TO 2.5 MONTHS FREE*,,,2.5,24,2026-06-12,2026-07-13,0
2026-06-26,505 Summit,1,2001,2BR,2,2.0,1150,5421.0,4806.0,both,GRAND OPENING: OFFERING UP TO 2.5 MONTHS FREE*,,,2.5,24,2026-06-26,2026-06-26,0
2026-06-18,505 Summit,1,2612,2BR,2,2.0,923,5396.0,4784.0,both,GRAND OPENING: OFFERING UP TO 2.5 MONTHS FREE*,,,2.5,24,2026-06-16,2026-06-18,0
2026-06-08,505 Summit,1,2713,2BR,2,2.0,,5421.0,4806.0,both,,,,2.5,24,2026-06-08,2026-06-08,0
2026-07-13,505 Summit,1,2901,2BR,2,2.0,1144,5576.0,4945.0,both,GRAND OPENING: OFFERING UP TO 2.5 MONTHS FREE*,,,2.5,24,2026-07-11,2026-07-13,0
2026-07-20,505 Summit,1,3013,2BR,2,2.0,924,5581.0,4949.0,both,GRAND OPENING: OFFERING UP TO 3 MONTHS FREE*,,,2.5,24,2026-07-14,2026-07-20,1
2026-07-13,505 Summit,1,3113,2BR,2,2.0,924,5601.0,4967.0,both,GRAND OPENING: OFFERING UP TO 2.5 MONTHS FREE*,,,2.5,24,2026-06-15,2026-07-13,0
2026-06-08,505 Summit,1,3301,2BR,2,2.0,,5651.0,5012.0,both,,,,2.5,24,2026-06-08,2026-06-08,0
2026-06-26,505 Summit,1,3401,2BR,2,2.0,1144,5676.0,5035.0,both,GRAND OPENING: OFFERING UP TO 2.5 MONTHS FREE*,,,2.5,24,2026-06-16,2026-06-26,0
2026-07-17,505 Summit,1,3501,2BR,2,2.0,1144,5696.0,5053.0,both,GRAND OPENING: OFFERING UP TO 3 MONTHS FREE*,,,2.5,24,2026-07-04,2026-07-17,0
2026-06-08,505 Summit,1,3613,2BR,2,2.0,,5591.0,4958.0,both,,,,2.5,24,2026-06-08,2026-06-08,0
2026-06-11,505 Summit,1,4501,2BR,2,2.0,1141,5851.0,5191.0,both,GRAND OPENING: OFFERING UP TO 2.5 MONTHS FREE*,,,2.5,24,2026-06-08,2026-06-11,0
2026-07-20,505 Summit,1,4501,2BR,2,2.0,1141,5821.0,5164.0,both,GRAND OPENING: OFFERING UP TO 3 MONTHS FREE*,,,2.5,24,2026-06-12,2026-07-20,1
2026-06-29,505 Summit,1,5307,2BR,2,2.0,962,6231.0,5532.0,both,GRAND OPENING: OFFERING UP TO 2.5 MONTHS FREE*,,,2.5,24,2026-06-23,2026-06-29,0
2026-06-08,505 Summit,1,0201,3BR,3,2.0,,6631.0,5890.0,both,,,,2.5,24,2026-06-08,2026-06-08,0
2026-07-06,505 Summit,1,0504,3BR,3,2.0,1413,6851.0,6087.0,both,GRAND OPENING: OFFERING UP TO 2.5 MONTHS FREE*,,,2.5,24,2026-06-16,2026-07-06,0
2026-06-11,505 Summit,1,0506,3BR,3,2.0,1251,7556.0,6719.0,both,GRAND OPENING: OFFERING UP TO 2.5 MONTHS FREE*,,,2.5,24,2026-06-08,2026-06-11,0
2026-06-30,505 Summit,1,0506,3BR,3,2.0,1251,6401.0,5684.0,both,GRAND OPENING: OFFERING UP TO 2.5 MONTHS FREE*,,,2.5,24,2026-06-12,2026-06-30,0
2026-06-11,505 Summit,1,0604,Studio,0,1.0,620,3551.0,3131.0,both,GRAND OPENING: OFFERING UP TO 2.5 MONTHS FREE*,,,2.5,24,2026-06-08,2026-06-11,0
2026-07-20,505 Summit,1,0604,Studio,0,1.0,620,3551.0,3131.0,both,GRAND OPENING: OFFERING UP TO 3 MONTHS FREE*,,,2.5,24,2026-06-12,2026-07-20,1
2026-06-15,505 Summit,1,0606,Studio,0,1.0,542,3376.0,2974.0,both,GRAND OPENING: OFFERING UP TO 2.5 MONTHS FREE*,,,2.5,24,2026-06-15,2026-06-15,0
2026-06-13,505 Summit,1,0909,Studio,0,1.0,492,3041.0,2674.0,both,GRAND OPENING: OFFERING UP TO 2.5 MONTHS FREE*,,,2.5,24,2026-06-12,2026-06-13,0
2026-07-13,505 Summit,1,2802,Studio,0,1.0,638,3416.0,3010.0,both,GRAND OPENING: OFFERING UP TO 2.5 MONTHS FREE*,,,2.5,24,2026-07-08,2026-07-13,0
2026-06-11,505 Summit,1,2902,Studio,0,1.0,638,3471.0,3059.0,both,GRAND OPENING: OFFERING UP TO 2.5 MONTHS FREE*,,,2.5,24,2026-06-08,2026-06-11,0
2026-07-03,505 Summit,1,2902,Studio,0,1.0,638,3451.0,3041.0,both,GRAND OPENING: OFFERING UP TO 2.5 MONTHS FREE*,,,2.5,24,2026-06-12,2026-07-03,0
2026-06-11,505 Summit,1,3502,Studio,0,1.0,638,3531.0,3113.0,both,GRAND OPENING: OFFERING UP TO 2.5 MONTHS FREE*,,,2.5,24,2026-06-11,2026-06-11,0
2026-06-23,505 Summit,1,3502,Studio,0,1.0,638,3531.0,3113.0,both,GRAND OPENING: OFFERING UP TO 2.5 MONTHS FREE*,,,2.5,24,2026-06-12,2026-06-23,0
2026-06-11,505 Summit,1,3906,Studio,0,1.0,527,3351.0,2952.0,both,GRAND OPENING: OFFERING UP TO 2.5 MONTHS FREE*,,,2.5,24,2026-06-11,2026-06-11,0
2026-06-16,505 Summit,1,3906,Studio,0,1.0,527,3351.0,2952.0,both,GRAND OPENING: OFFERING UP TO 2.5 MONTHS FREE*,,,2.5,24,2026-06-12,2026-06-16,0
2026-07-19,505 Summit,1,4006,Studio,0,1.0,527,3331.0,2934.0,both,GRAND OPENING: OFFERING UP TO 3 MONTHS FREE*,,,2.5,24,2026-06-30,2026-07-19,0
2026-06-11,505 Summit,1,4203,Studio,0,1.0,625,3356.0,2956.0,both,GRAND OPENING: OFFERING UP TO 2.5 MONTHS FREE*,,,2.5,24,2026-06-08,2026-06-11,0
2026-06-21,505 Summit,1,4203,Studio,0,1.0,625,3356.0,2956.0,both,GRAND OPENING: OFFERING UP TO 2.5 MONTHS FREE*,,,2.5,24,2026-06-12,2026-06-21,0
2026-06-11,505 Summit,1,4402,Studio,0,1.0,635,3601.0,3176.0,both,GRAND OPENING: OFFERING UP TO 2.5 MONTHS FREE*,,,2.5,24,2026-06-08,2026-06-11,0
2026-07-19,505 Summit,1,4402,Studio,0,1.0,635,3556.0,3135.0,both,GRAND OPENING: OFFERING UP TO 3 MONTHS FREE*,,,2.5,24,2026-06-12,2026-07-19,0
2026-06-11,505 Summit,1,4702,Studio,0,1.0,430,3416.0,3010.0,both,GRAND OPENING: OFFERING UP TO 2.5 MONTHS FREE*,,,2.5,24,2026-06-11,2026-06-11,0
2026-06-24,505 Summit,1,4702,Studio,0,1.0,430,3416.0,3010.0,both,GRAND OPENING: OFFERING UP TO 2.5 MONTHS FREE*,,,2.5,24,2026-06-12,2026-06-24,0
2026-06-11,505 Summit,1,4703,Studio,0,1.0,446,3446.0,3037.0,both,GRAND OPENING: OFFERING UP TO 2.5 MONTHS FREE*,,,2.5,24,2026-06-08,2026-06-11,0
2026-07-20,505 Summit,1,4703,Studio,0,1.0,446,3446.0,3037.0,both,GRAND OPENING: OFFERING UP TO 3 MONTHS FREE*,,,2.5,24,2026-06-12,2026-07-20,1
2026-07-17,505 Summit,1,4704,Studio,0,1.0,586,3496.0,3082.0,both,GRAND OPENING: OFFERING UP TO 3 MONTHS FREE*,,,2.5,24,2026-06-23,2026-07-17,0
2026-06-11,505 Summit,1,4706,Studio,0,1.0,526,3451.0,3041.0,both,GRAND OPENING: OFFERING UP TO 2.5 MONTHS FREE*,,,2.5,24,2026-06-08,2026-06-11,0
2026-06-28,505 Summit,1,4706,Studio,0,1.0,526,3451.0,3041.0,both,GRAND OPENING: OFFERING UP TO 2.5 MONTHS FREE*,,,2.5,24,2026-06-12,2026-06-28,0
2026-06-11,505 Summit,1,4707,Studio,0,1.0,530,3431.0,3023.0,both,GRAND OPENING: OFFERING UP TO 2.5 MONTHS FREE*,,,2.5,24,2026-06-08,2026-06-11,0
2026-07-06,505 Summit,1,4707,Studio,0,1.0,530,3431.0,3023.0,both,GRAND OPENING: OFFERING UP TO 2.5 MONTHS FREE*,,,2.5,24,2026-06-12,2026-07-06,0
2026-06-11,505 Summit,1,4714,Studio,0,1.0,520,3516.0,3100.0,both,GRAND OPENING: OFFERING UP TO 2.5 MONTHS FREE*,,,2.5,24,2026-06-08,2026-06-11,0
2026-06-15,505 Summit,1,4714,Studio,0,1.0,520,3516.0,3100.0,both,GRAND OPENING: OFFERING UP TO 2.5 MONTHS FREE*,,,2.5,24,2026-06-12,2026-06-15,0
2026-06-13,505 Summit,1,4914,Studio,0,1.0,520,3536.0,3118.0,both,GRAND OPENING: OFFERING UP TO 2.5 MONTHS FREE*,,,2.5,24,2026-06-13,2026-06-13,0
2026-06-21,505 Summit,1,5004,Studio,0,1.0,586,3576.0,3153.0,both,GRAND OPENING: OFFERING UP TO 2.5 MONTHS FREE*,,,2.5,24,2026-06-20,2026-06-21,0
2026-06-27,505 Summit,1,5014,Studio,0,1.0,520,3581.0,3158.0,both,GRAND OPENING: OFFERING UP TO 2.5 MONTHS FREE*,,,2.5,24,2026-06-23,2026-06-27,0
2026-07-20,505 Summit,1,5104,Studio,0,1.0,586,3536.0,3118.0,both,GRAND OPENING: OFFERING UP TO 3 MONTHS FREE*,,,2.5,24,2026-07-18,2026-07-20,1
2026-07-20,505 Summit,1,5109,Studio,0,1.0,462,3706.0,3270.0,both,GRAND OPENING: OFFERING UP TO 3 MONTHS FREE*,,,2.5,24,2026-06-23,2026-07-20,1
2026-06-11,505 Summit,1,5204,Studio,0,1.0,586,3546.0,3126.0,both,GRAND OPENING: OFFERING UP TO 2.5 MONTHS FREE*,,,2.5,24,2026-06-08,2026-06-11,0
2026-07-20,505 Summit,1,5204,Studio,0,1.0,586,3546.0,3126.0,both,GRAND OPENING: OFFERING UP TO 3 MONTHS FREE*,,,2.5,24,2026-06-12,2026-07-20,1
2026-06-11,505 Summit,1,5206,Studio,0,1.0,530,3596.0,3171.0,both,GRAND OPENING: OFFERING UP TO 2.5 MONTHS FREE*,,,2.5,24,2026-06-08,2026-06-11,0
2026-07-12,505 Summit,1,5206,Studio,0,1.0,530,3596.0,3171.0,both,GRAND OPENING: OFFERING UP TO 2.5 MONTHS FREE*,,,2.5,24,2026-06-12,2026-07-12,0
2026-06-11,505 Summit,1,5309,Studio,0,1.0,462,3681.0,3247.0,both,GRAND OPENING: OFFERING UP TO 2.5 MONTHS FREE*,,,2.5,24,2026-06-08,2026-06-11,0
2026-07-20,505 Summit,1,5309,Studio,0,1.0,462,3641.0,3212.0,both,GRAND OPENING: OFFERING UP TO 3 MONTHS FREE*,,,2.5,24,2026-06-12,2026-07-20,1
2026-06-21,55 Jordan,1,1333,1BR,1,1.0,,2400.0,,asking,Up to 3 mo free + no broker fee (term not stated),,,,,2026-06-08,2026-06-21,0
2026-07-20,55 Jordan,1,1373,1BR,1,1.0,,2500.0,,asking,Up to 3 mo free + no broker fee (term not stated),,,,,2026-07-16,2026-07-20,1
2026-06-21,55 Jordan,1,4199,1BR,1,1.0,,2200.0,,asking,Up to 3 mo free + no broker fee (term not stated),,,,,2026-06-08,2026-06-21,0
2026-07-15,55 Jordan,1,555,1BR,1,1.0,,2675.0,,asking,Up to 3 mo free + no broker fee (term not stated),,,,,2026-06-22,2026-07-15,0
2026-07-15,55 Jordan,1,556,1BR,1,1.0,,2700.0,,asking,Up to 3 mo free + no broker fee (term not stated),,,,,2026-06-22,2026-07-15,0
2026-07-20,55 Jordan,1,1699,2BR,2,1.0,,2875.0,,asking,Up to 3 mo free + no broker fee (term not stated),,,,,2026-07-16,2026-07-20,1
2026-07-20,55 Jordan,1,1801,2BR,2,2.0,,3100.0,,asking,Up to 3 mo free + no broker fee (term not stated),,,,,2026-07-16,2026-07-20,1
2026-06-21,55 Jordan,1,8100,2BR,2,1.0,,2675.0,,asking,Up to 3 mo free + no broker fee (term not stated),,,,,2026-06-08,2026-06-21,0
2026-06-21,55 Jordan,1,9090,2BR,2,1.0,,2750.0,,asking,Up to 3 mo free + no broker fee (term not stated),,,,,2026-06-08,2026-06-21,0
2026-07-20,55 Jordan,1,2060,Studio,0,1.0,,2050.0,,asking,Up to 3 mo free + no broker fee (term not stated),,,,,2026-07-16,2026-07-20,1
2026-06-21,55 Jordan,1,2077,Studio,0,1.0,,2050.0,,asking,Up to 3 mo free + no broker fee (term not stated),,,,,2026-06-08,2026-06-21,0
2026-07-15,55 Jordan,1,266,Studio,0,1.0,,2000.0,,asking,Up to 3 mo free + no broker fee (term not stated),,,,,2026-06-22,2026-07-15,0
2026-06-21,55 Jordan,1,3055,Studio,0,1.0,,2075.0,,asking,Up to 3 mo free + no broker fee (term not stated),,,,,2026-06-08,2026-06-21,0
2026-07-15,55 Jordan,1,355,Studio,0,1.0,,2100.0,,asking,Up to 3 mo free + no broker fee (term not stated),,,,,2026-06-22,2026-07-15,0
2026-07-20,55 Jordan,1,4070,Studio,0,1.0,,2200.0,,asking,Up to 3 mo free + no broker fee (term not stated),,,,,2026-07-16,2026-07-20,1
2026-07-20,Atlas,1,0305,1BR,1,1.0,,3377.0,,asking,,,,,,2026-07-20,2026-07-20,1
2026-07-20,Atlas,1,0401,1BR,1,1.0,,2968.0,,asking,,,,,,2026-07-20,2026-07-20,1
2026-07-20,Atlas,1,0406,1BR,1,1.0,,3422.0,,asking,,,,,,2026-07-20,2026-07-20,1
2026-07-20,Atlas,1,0503,1BR,1,1.0,,4283.0,,asking,,,,,,2026-07-20,2026-07-20,1
2026-07-20,Atlas,1,0505,1BR,1,1.0,,3783.0,,asking,,,,,,2026-07-20,2026-07-20,1
2026-07-20,Atlas,1,0803,1BR,1,1.0,,3949.0,,asking,,,,,,2026-07-20,2026-07-20,1
2026-07-20,Atlas,1,1303,1BR,1,1.0,,4383.0,,asking,,,,,,2026-07-20,2026-07-20,1
2026-07-20,Atlas,1,1707,1BR,1,1.0,,3718.0,,asking,,,,,,2026-07-20,2026-07-20,1
2026-07-20,Atlas,1,1807,1BR,1,1.0,,3743.0,,asking,,,,,,2026-07-20,2026-07-20,1
2026-07-20,Atlas,1,2001,1BR,1,1.0,,3437.0,,asking,,,,,,2026-07-20,2026-07-20,1
2026-07-20,Atlas,1,2201,1BR,1,1.0,,3437.0,,asking,,,,,,2026-07-20,2026-07-20,1
2026-07-20,Atlas,1,2203,1BR,1,1.0,,4202.0,,asking,,,,,,2026-07-20,2026-07-20,1
2026-07-20,Atlas,1,2305,1BR,1,1.0,,4483.0,,asking,,,,,,2026-07-20,2026-07-20,1
2026-07-20,Atlas,1,1106,2BR,2,2.0,,4456.0,,asking,,,,,,2026-07-20,2026-07-20,1
2026-07-20,Atlas,1,1206,2BR,2,2.0,,4898.0,,asking,,,,,,2026-07-20,2026-07-20,1
2026-07-20,Atlas,1,1306,2BR,2,2.0,,4933.0,,asking,,,,,,2026-07-20,2026-07-20,1
2026-07-20,Atlas,1,0304,3BR,3,2.0,,5530.0,,asking,,,,,,2026-07-20,2026-07-20,1
2026-07-20,Atlas,1,0904,3BR,3,2.0,,5605.0,,asking,,,,,,2026-07-20,2026-07-20,1
2026-07-20,Atlas,1,1704,3BR,3,2.0,,5715.0,,asking,,,,,,2026-07-20,2026-07-20,1
2026-07-20,Atlas,1,2304,3BR,3,2.0,,6485.0,,asking,,,,,,2026-07-20,2026-07-20,1
2026-07-20,Atlas,1,0808,Studio,0,1.0,,2807.0,,asking,,,,,,2026-07-20,2026-07-20,1
2026-07-20,Birch House,1,106,1BR,1,1.0,,2660.0,,asking,,,,,,2026-07-20,2026-07-20,1
2026-07-20,Birch House,1,219,1BR,1,1.0,,2650.0,,asking,,,,,,2026-07-20,2026-07-20,1
2026-07-20,Birch House,1,351,1BR,1,1.0,,2645.0,,asking,,,,,,2026-07-20,2026-07-20,1
2026-07-20,Birch House,1,435,1BR,1,1.0,,2660.0,,asking,,,,,,2026-07-20,2026-07-20,1
2026-07-20,Birch House,1,551,1BR,1,1.0,,2640.0,,asking,,,,,,2026-07-20,2026-07-20,1
2026-07-20,Birch House,1,PH51,1BR,1,1.0,,2785.0,,asking,,,,,,2026-07-20,2026-07-20,1
2026-07-20,Birch House,1,211,2BR,2,2.0,,3970.0,,asking,,,,,,2026-07-20,2026-07-20,1
2026-07-20,Birch House,1,246,2BR,2,2.0,,4095.0,,asking,,,,,,2026-07-20,2026-07-20,1
2026-07-20,Birch House,1,255,2BR,2,2.0,,3880.0,,asking,,,,,,2026-07-20,2026-07-20,1
2026-07-20,Birch House,1,311,2BR,2,2.0,,3770.0,,asking,,,,,,2026-07-20,2026-07-20,1
2026-07-20,Birch House,1,379,2BR,2,2.0,,3770.0,,asking,,,,,,2026-07-20,2026-07-20,1
2026-07-20,Birch House,1,381,2BR,2,1.0,,3220.0,,asking,,,,,,2026-07-20,2026-07-20,1
2026-07-20,Birch House,1,416,2BR,2,2.0,,3685.0,,asking,,,,,,2026-07-20,2026-07-20,1
2026-07-20,Birch House,1,474,2BR,2,2.0,,3795.0,,asking,,,,,,2026-07-20,2026-07-20,1
2026-07-20,Birch House,1,516,2BR,2,2.0,,3705.0,,asking,,,,,,2026-07-20,2026-07-20,1
2026-07-20,Birch House,1,555,2BR,2,2.0,,3810.0,,asking,,,,,,2026-07-20,2026-07-20,1
2026-07-20,Birch House,1,PH46,2BR,2,2.0,,3720.0,,asking,,,,,,2026-07-20,2026-07-20,1
2026-07-20,Birch House,1,PH60,2BR,2,1.0,,3330.0,,asking,,,,,,2026-07-20,2026-07-20,1
2026-07-20,Birch House,1,336,Studio,0,1.0,,2499.0,,asking,,,,,,2026-07-20,2026-07-20,1
2026-07-20,Birch House,1,PH05,Studio,0,1.0,,2245.0,,asking,,,,,,2026-07-20,2026-07-20,1
2026-07-20,Birch House,1,PH36,Studio,0,1.0,,2423.0,,asking,,,,,,2026-07-20,2026-07-20,1
2026-07-20,Birch House,1,PH64,Studio,0,1.0,,2270.0,,asking,,,,,,2026-07-20,2026-07-20,1
2026-07-20,Bisby,1,BIS0207,1BR,1,1.0,780,4268.0,,asking,,,,,,2026-07-20,2026-07-20,1
2026-07-20,Bisby,1,BIS0503,1BR,1,1.0,835,4608.0,,asking,,,,,,2026-07-20,2026-07-20,1
2026-07-20,Bisby,1,BIS0507,1BR,1,1.0,780,4358.0,,asking,,,,,,2026-07-20,2026-07-20,1
2026-07-20,Bisby,1,BIS0906,1BR,1,1.0,795,4333.0,,asking,,,,,,2026-07-20,2026-07-20,1
2026-07-20,Bisby,1,BIS1206,1BR,1,1.0,795,4363.0,,asking,,,,,,2026-07-20,2026-07-20,1
2026-07-20,Bisby,1,BIS1605,1BR,1,1.0,773,4383.0,,asking,,,,,,2026-07-20,2026-07-20,1
2026-07-20,Bisby,1,BIS1606,1BR,1,1.0,795,4428.0,,asking,,,,,,2026-07-20,2026-07-20,1
2026-07-20,Bisby,1,BIS1607,1BR,1,1.0,780,4448.0,,asking,,,,,,2026-07-20,2026-07-20,1
2026-07-20,Bisby,1,BIS1906,1BR,1,1.0,795,4443.0,,asking,,,,,,2026-07-20,2026-07-20,1
2026-07-20,Bisby,1,BIS2006,1BR,1,1.0,795,4448.0,,asking,,,,,,2026-07-20,2026-07-20,1
2026-07-20,Bisby,1,BIS3007,1BR,1,1.0,780,4518.0,,asking,,,,,,2026-07-20,2026-07-20,1
2026-07-20,Bisby,1,BIS0316,2BR,2,2.0,942,6022.0,,asking,,,,,,2026-07-20,2026-07-20,1
2026-07-20,Bisby,1,BIS0802,2BR,2,2.0,1267,5972.0,,asking,,,,,,2026-07-20,2026-07-20,1
2026-07-20,Bisby,1,BIS0808,2BR,2,2.0,1266,6097.0,,asking,,,,,,2026-07-20,2026-07-20,1
2026-07-20,Bisby,1,BIS1008,2BR,2,2.0,1266,6172.0,,asking,,,,,,2026-07-20,2026-07-20,1
2026-07-20,Bisby,1,BIS1115,2BR,2,2.0,1292,6832.0,,asking,,,,,,2026-07-20,2026-07-20,1
2026-07-20,Bisby,1,BIS1608,2BR,2,2.0,1266,6197.0,,asking,,,,,,2026-07-20,2026-07-20,1
2026-07-20,Bisby,1,BIS2202,2BR,2,2.0,1267,6012.0,,asking,,,,,,2026-07-20,2026-07-20,1
2026-07-20,Bisby,1,BIS2904,2BR,2,2.0,1080,5847.0,,asking,,,,,,2026-07-20,2026-07-20,1
2026-07-20,Bisby,1,BIS3204,2BR,2,2.0,1080,5862.0,,asking,,,,,,2026-07-20,2026-07-20,1
2026-07-20,Bisby,1,BIS1116,3BR,3,3.0,1701,8649.0,,asking,,,,,,2026-07-20,2026-07-20,1
2026-07-20,Bisby,1,BIS1416,3BR,3,3.0,1701,8659.0,,asking,,,,,,2026-07-20,2026-07-20,1
2026-07-20,Bisby,1,BIS1616,3BR,3,3.0,1701,8669.0,,asking,,,,,,2026-07-20,2026-07-20,1
2026-07-20,Bisby,1,BIS1816,3BR,3,3.0,1701,8679.0,,asking,,,,,,2026-07-20,2026-07-20,1
2026-07-20,Bisby,1,BIS2316,3BR,3,3.0,1701,8704.0,,asking,,,,,,2026-07-20,2026-07-20,1
2026-07-20,Bisby,1,BIS2416,3BR,3,3.0,1701,8709.0,,asking,,,,,,2026-07-20,2026-07-20,1
2026-07-20,Bisby,1,BIS0218,Studio,0,1.0,484,3303.0,,asking,,,,,,2026-07-20,2026-07-20,1
2026-07-20,Bisby,1,BIS0222,Studio,0,1.0,484,3303.0,,asking,,,,,,2026-07-20,2026-07-20,1
2026-07-20,Bisby,1,BIS0224,Studio,0,1.0,484,3303.0,,asking,,,,,,2026-07-20,2026-07-20,1
2026-07-20,Bisby,1,BIS0320,Studio,0,1.0,484,3308.0,,asking,,,,,,2026-07-20,2026-07-20,1
2026-07-20,Bisby,1,BIS0326,Studio,0,1.0,484,3308.0,,asking,,,,,,2026-07-20,2026-07-20,1
2026-07-20,Bisby,1,BIS0424,Studio,0,1.0,484,3313.0,,asking,,,,,,2026-07-20,2026-07-20,1
2026-07-20,Bisby,1,BIS0528,Studio,0,1.0,484,3318.0,,asking,,,,,,2026-07-20,2026-07-20,1
2026-07-20,CityLine East,1,fp4,1BR,1,1.0,660,2234.0,,asking,,,,,,2026-07-20,2026-07-20,1
2026-07-20,CityLine East,1,fp5,1BR,1,1.0,801,2539.0,,asking,,,,,,2026-07-20,2026-07-20,1
2026-07-20,CityLine East,1,fp6,1BR,1,1.0,696,2264.0,,asking,,,,,,2026-07-20,2026-07-20,1
2026-07-20,CityLine East,1,fp1,Studio,0,1.0,506,1938.0,,asking,,,,,,2026-07-20,2026-07-20,1
2026-07-20,CityLine East,1,fp2,Studio,0,1.0,460,2002.0,,asking,,,,,,2026-07-20,2026-07-20,1
2026-07-20,CityLine East,1,fp3,Studio,0,1.0,513,2114.0,,asking,,,,,,2026-07-20,2026-07-20,1
2026-07-20,CityLine West,1,fp1,1BR,1,1.0,670,2310.0,,asking,,,,,,2026-07-20,2026-07-20,1
2026-07-20,CityLine West,1,fp2,1BR,1,1.0,665,2310.0,,asking,,,,,,2026-07-20,2026-07-20,1
2026-07-20,CityLine West,1,fp3,2BR,2,1.0,986,3128.0,,asking,,,,,,2026-07-20,2026-07-20,1
2026-06-08,Four Twenty Five Summit,1,0211,1BR,1,1.0,,3370.0,3129.0,both,,,,,,2026-06-08,2026-06-08,0
2026-06-08,Four Twenty Five Summit,1,0213,1BR,1,1.0,762,3330.0,3092.0,both,,,,,,2026-06-08,2026-06-08,0
2026-06-17,Four Twenty Five Summit,1,0213,1BR,1,1.0,762,3330.0,2913.0,both,"$2,336.25 Net Effective Rent",,,,,2026-06-11,2026-06-17,0
2026-06-08,Four Twenty Five Summit,1,0219,1BR,1,1.0,711,3450.0,3204.0,both,,,,,,2026-06-08,2026-06-08,0
2026-07-17,Four Twenty Five Summit,1,0219,1BR,1,1.0,711,3450.0,3018.0,both,"$2,296.88 Net Effective Rent",,,,,2026-06-11,2026-07-17,0
2026-06-08,Four Twenty Five Summit,1,0312,1BR,1,1.0,612,3150.0,2925.0,both,,,,,,2026-06-08,2026-06-08,0
2026-06-15,Four Twenty Five Summit,1,0312,1BR,1,1.0,612,3150.0,2756.0,both,"$2,336.25 Net Effective Rent",,,,,2026-06-11,2026-06-15,0
2026-06-08,Four Twenty Five Summit,1,0511,1BR,1,1.0,741,3430.0,3185.0,both,,,,,,2026-06-08,2026-06-08,0
2026-06-12,Four Twenty Five Summit,1,0511,1BR,1,1.0,741,3430.0,3001.0,both,"$2,301.25 Net Effective Rent",9/8/2026,,,,2026-06-11,2026-06-12,0
2026-07-20,Four Twenty Five Summit,1,0519,1BR,1,1.0,719,3545.0,3101.0,both,"$2,296.88 Net Effective Rent",10/3/2026,,,,2026-06-30,2026-07-20,1
2026-06-08,Four Twenty Five Summit,1,0602,1BR,1,1.0,619,3175.0,2948.0,both,,,,,,2026-06-08,2026-06-08,0
2026-06-13,Four Twenty Five Summit,1,0602,1BR,1,1.0,619,3175.0,2778.0,both,"$2,310.00 Net Effective Rent",7/18/2026,,,,2026-06-11,2026-06-13,0
2026-06-13,Four Twenty Five Summit,1,0719,1BR,1,1.0,719,3400.0,2975.0,both,"$2,310.00 Net Effective Rent",10/8/2026,,,,2026-06-11,2026-06-13,0
2026-07-06,Four Twenty Five Summit,1,0815,1BR,1,1.0,650,3250.0,2843.0,both,"$2,848.13 Net Effective Rent",8/29/2026,,,,2026-06-22,2026-07-06,0
2026-06-08,Four Twenty Five Summit,1,0816,1BR,1,1.0,,3225.0,2995.0,both,,,,,,2026-06-08,2026-06-08,0
2026-06-08,Four Twenty Five Summit,1,0907,1BR,1,1.0,653,3325.0,3088.0,both,,,,,,2026-06-08,2026-06-08,0
2026-07-07,Four Twenty Five Summit,1,0907,1BR,1,1.0,653,3425.0,2996.0,both,"$2,848.13 Net Effective Rent",,,,,2026-06-11,2026-07-07,0
2026-07-16,Four Twenty Five Summit,1,1102,1BR,1,1.0,639,3430.0,3001.0,both,"$2,296.88 Net Effective Rent",10/6/2026,,,,2026-06-30,2026-07-16,0
2026-06-08,Four Twenty Five Summit,1,1107,1BR,1,1.0,652,3285.0,3050.0,both,,,,,,2026-06-08,2026-06-08,0
2026-06-15,Four Twenty Five Summit,1,1107,1BR,1,1.0,652,3285.0,2874.0,both,"$2,336.25 Net Effective Rent",7/30/2026,,,,2026-06-11,2026-06-15,0
2026-06-08,Four Twenty Five Summit,1,1410,1BR,1,1.0,622,3250.0,3018.0,both,,,,,,2026-06-08,2026-06-08,0
2026-06-14,Four Twenty Five Summit,1,1410,1BR,1,1.0,622,3250.0,2843.0,both,"$2,336.25 Net Effective Rent",,,,,2026-06-11,2026-06-14,0
2026-06-08,Four Twenty Five Summit,1,1502,1BR,1,1.0,639,3465.0,3218.0,both,,,,,,2026-06-08,2026-06-08,0
2026-06-16,Four Twenty Five Summit,1,1502,1BR,1,1.0,639,3465.0,3031.0,both,"$2,336.25 Net Effective Rent",8/2/2026,,,,2026-06-11,2026-06-16,0
2026-06-08,Four Twenty Five Summit,1,1508,1BR,1,1.0,623,3285.0,3050.0,both,,,,,,2026-06-08,2026-06-08,0
2026-07-01,Four Twenty Five Summit,1,1508,1BR,1,1.0,623,3285.0,2874.0,both,"$2,384.38 Net Effective Rent",8/8/2026,,,,2026-06-11,2026-07-01,0
2026-06-08,Four Twenty Five Summit,1,1807,1BR,1,1.0,656,3475.0,3227.0,both,,,,,,2026-06-08,2026-06-08,0
2026-07-06,Four Twenty Five Summit,1,1807,1BR,1,1.0,656,3475.0,3040.0,both,"$2,848.13 Net Effective Rent",,,,,2026-06-11,2026-07-06,0
2026-06-08,Four Twenty Five Summit,1,2003,1BR,1,1.0,616,3550.0,3296.0,both,,,,,,2026-06-08,2026-06-08,0
2026-06-23,Four Twenty Five Summit,1,2003,1BR,1,1.0,616,3550.0,3106.0,both,"$2,384.38 Net Effective Rent",,,,,2026-06-11,2026-06-23,0
2026-06-08,Four Twenty Five Summit,1,2005,1BR,1,1.0,627,3505.0,3255.0,both,,,,,,2026-06-08,2026-06-08,0
2026-06-13,Four Twenty Five Summit,1,2005,1BR,1,1.0,627,3505.0,3066.0,both,"$2,310.00 Net Effective Rent",7/6/2026,,,,2026-06-11,2026-06-13,0
2026-06-08,Four Twenty Five Summit,1,2008,1BR,1,1.0,623,3385.0,3143.0,both,,,,,,2026-06-08,2026-06-08,0
2026-06-23,Four Twenty Five Summit,1,2008,1BR,1,1.0,623,3385.0,2961.0,both,"$2,384.38 Net Effective Rent",,,,,2026-06-11,2026-06-23,0
2026-06-08,Four Twenty Five Summit,1,2114,1BR,1,1.0,670,3490.0,3241.0,both,,,,,,2026-06-08,2026-06-08,0
2026-06-13,Four Twenty Five Summit,1,2114,1BR,1,1.0,670,3490.0,3053.0,both,"$2,310.00 Net Effective Rent",7/31/2026,,,,2026-06-11,2026-06-13,0
2026-06-08,Four Twenty Five Summit,1,2202,1BR,1,1.0,639,3605.0,3348.0,both,,,,,,2026-06-08,2026-06-08,0
2026-06-18,Four Twenty Five Summit,1,2202,1BR,1,1.0,639,3605.0,3154.0,both,"$2,336.25 Net Effective Rent",,,,,2026-06-11,2026-06-18,0
2026-06-08,Four Twenty Five Summit,1,2207,1BR,1,1.0,652,3555.0,3301.0,both,,,,,,2026-06-08,2026-06-08,0
2026-07-08,Four Twenty Five Summit,1,2207,1BR,1,1.0,652,3555.0,3110.0,both,"$2,848.13 Net Effective Rent",,,,,2026-06-11,2026-07-08,0
2026-06-08,Four Twenty Five Summit,1,2214,1BR,1,1.0,670,3510.0,3259.0,both,,,,,,2026-06-08,2026-06-08,0
2026-06-14,Four Twenty Five Summit,1,2214,1BR,1,1.0,670,3510.0,3071.0,both,"$2,336.25 Net Effective Rent",,,,,2026-06-11,2026-06-14,0
2026-06-08,Four Twenty Five Summit,1,2412,1BR,1,1.0,670,3550.0,3296.0,both,,,,,,2026-06-08,2026-06-08,0
2026-07-05,Four Twenty Five Summit,1,2412,1BR,1,1.0,670,3550.0,3106.0,both,"$2,848.13 Net Effective Rent",7/28/2026,,,,2026-06-11,2026-07-05,0
2026-06-08,Four Twenty Five Summit,1,2506,1BR,1,1.0,623,3485.0,3236.0,both,,,,,,2026-06-08,2026-06-08,0
2026-06-20,Four Twenty Five Summit,1,2506,1BR,1,1.0,623,3485.0,3049.0,both,"$2,336.25 Net Effective Rent",7/26/2026,,,,2026-06-11,2026-06-20,0
2026-06-08,Four Twenty Five Summit,1,2508,1BR,1,1.0,622,3485.0,3236.0,both,,,,,,2026-06-08,2026-06-08,0
2026-07-06,Four Twenty Five Summit,1,2508,1BR,1,1.0,622,3485.0,3049.0,both,"$2,848.13 Net Effective Rent",,,,,2026-06-11,2026-07-06,0
2026-06-08,Four Twenty Five Summit,1,2512,1BR,1,1.0,670,3570.0,3315.0,both,,,,,,2026-06-08,2026-06-08,0
2026-07-08,Four Twenty Five Summit,1,2512,1BR,1,1.0,670,3570.0,3123.0,both,"$2,848.13 Net Effective Rent",8/20/2026,,,,2026-06-11,2026-07-08,0
2026-07-13,Four Twenty Five Summit,1,2606,1BR,1,1.0,623,3505.0,3066.0,both,"$2,362.50 Net Effective Rent",9/2/2026,,,,2026-06-28,2026-07-13,0
2026-06-08,Four Twenty Five Summit,1,0501,2BR,2,2.0,1129,4810.0,4466.0,both,,,,,,2026-06-08,2026-06-08,0
2026-06-19,Four Twenty Five Summit,1,0501,2BR,2,2.0,1129,4810.0,4208.0,both,"$2,336.25 Net Effective Rent",8/8/2026,,,,2026-06-11,2026-06-19,0
2026-06-08,Four Twenty Five Summit,1,0503,2BR,2,2.0,1022,4950.0,4596.0,both,,,,,,2026-06-08,2026-06-08,0
2026-06-21,Four Twenty Five Summit,1,0503,2BR,2,2.0,1022,4950.0,4331.0,both,"$2,336.25 Net Effective Rent",8/3/2026,,,,2026-06-11,2026-06-21,0
2026-07-12,Four Twenty Five Summit,1,0601,2BR,2,2.0,1129,4830.0,4226.0,both,"$2,362.50 Net Effective Rent",9/7/2026,,,,2026-07-10,2026-07-12,0
2026-06-12,Four Twenty Five Summit,1,0801,2BR,2,2.0,1129,4925.0,4309.0,both,"$2,301.25 Net Effective Rent",8/21/2026,,,,2026-06-11,2026-06-12,0
2026-06-08,Four Twenty Five Summit,1,1001,2BR,2,2.0,,4995.0,4638.0,both,,,,,,2026-06-08,2026-06-08,0
2026-06-08,Four Twenty Five Summit,1,1006,2BR,2,2.0,972,4810.0,4466.0,both,,,,,,2026-06-08,2026-06-08,0
2026-06-14,Four Twenty Five Summit,1,1006,2BR,2,2.0,972,4810.0,4208.0,both,"$2,336.25 Net Effective Rent",8/5/2026,,,,2026-06-11,2026-06-14,0
2026-06-08,Four Twenty Five Summit,1,1901,2BR,2,2.0,1004,5095.0,4731.0,both,,,,,,2026-06-08,2026-06-08,0
2026-06-17,Four Twenty Five Summit,1,1901,2BR,2,2.0,1004,5095.0,4458.0,both,"$2,336.25 Net Effective Rent",,,,,2026-06-11,2026-06-17,0
2026-07-20,Four Twenty Five Summit,1,2201,2BR,2,2.0,1004,5325.0,4659.0,both,"$2,296.88 Net Effective Rent",,,,,2026-07-06,2026-07-20,1
2026-06-08,Four Twenty Five Summit,1,2502,2BR,2,2.0,986,5050.0,4689.0,both,,,,,,2026-06-08,2026-06-08,0
2026-06-29,Four Twenty Five Summit,1,2502,2BR,2,2.0,986,5050.0,4418.0,both,"$2,384.38 Net Effective Rent",8/7/2026,,,,2026-06-11,2026-06-29,0
2026-07-13,Four Twenty Five Summit,1,2301,3BR,3,2.0,1241,6270.0,5486.0,both,"$2,362.50 Net Effective Rent",9/20/2026,,,,2026-06-24,2026-07-13,0
2026-06-21,Four Twenty Five Summit,1,2401,3BR,3,2.0,1241,6300.0,5512.0,both,"$2,336.25 Net Effective Rent",9/7/2026,,,,2026-06-18,2026-06-21,0
2026-06-08,Four Twenty Five Summit,1,0204,Studio,0,1.0,439,2630.0,2442.0,both,,,,,,2026-06-08,2026-06-08,0
2026-06-12,Four Twenty Five Summit,1,0204,Studio,0,1.0,439,2630.0,2301.0,both,"$2,301.25 Net Effective Rent",8/1/2026,,,,2026-06-11,2026-06-12,0
2026-06-08,Four Twenty Five Summit,1,0220,Studio,0,1.0,572,3125.0,2902.0,both,,,,,,2026-06-08,2026-06-08,0
2026-06-28,Four Twenty Five Summit,1,0220,Studio,0,1.0,572,3125.0,2734.0,both,"$2,384.38 Net Effective Rent",,,,,2026-06-11,2026-06-28,0
2026-07-20,Four Twenty Five Summit,1,0222,Studio,0,1.0,529,2625.0,2296.0,both,"$2,296.88 Net Effective Rent",,,,,2026-07-14,2026-07-20,1
2026-06-08,Four Twenty Five Summit,1,0309,Studio,0,1.0,515,2860.0,2656.0,both,,,,,,2026-06-08,2026-06-08,0
2026-06-16,Four Twenty Five Summit,1,0309,Studio,0,1.0,515,2860.0,2502.0,both,"$2,336.25 Net Effective Rent",6/29/2026,,,,2026-06-11,2026-06-16,0
2026-06-08,Four Twenty Five Summit,1,0317,Studio,0,1.0,,2400.0,2229.0,both,,,,,,2026-06-08,2026-06-08,0
2026-06-24,Four Twenty Five Summit,1,0320,Studio,0,1.0,577,2995.0,2620.0,both,"$2,384.38 Net Effective Rent",9/21/2026,,,,2026-06-19,2026-06-24,0
2026-06-08,Four Twenty Five Summit,1,0509,Studio,0,1.0,515,2900.0,2693.0,both,,,,,,2026-06-08,2026-06-08,0
2026-06-13,Four Twenty Five Summit,1,0509,Studio,0,1.0,515,2900.0,2537.0,both,"$2,310.00 Net Effective Rent",7/30/2026,,,,2026-06-11,2026-06-13,0
2026-07-03,Four Twenty Five Summit,1,0510,Studio,0,1.0,434,2725.0,2384.0,both,"$2,384.38 Net Effective Rent",9/4/2026,,,,2026-06-23,2026-07-03,0
2026-07-20,Four Twenty Five Summit,1,0522,Studio,0,1.0,529,2775.0,2428.0,both,"$2,296.88 Net Effective Rent",,,,,2026-07-11,2026-07-20,1
2026-06-08,Four Twenty Five Summit,1,0606,Studio,0,1.0,475,2880.0,2674.0,both,,,,,,2026-06-08,2026-06-08,0
2026-06-11,Four Twenty Five Summit,1,0606,Studio,0,1.0,475,2880.0,2520.0,both,"$2,301.25 Net Effective Rent",8/2/2026,,,,2026-06-11,2026-06-11,0
2026-07-20,Four Twenty Five Summit,1,0709,Studio,0,1.0,515,2995.0,2620.0,both,"$2,296.88 Net Effective Rent",9/27/2026,,,,2026-07-20,2026-07-20,1
2026-06-08,Four Twenty Five Summit,1,0717,Studio,0,1.0,,2510.0,2331.0,both,,,,,,2026-06-08,2026-06-08,0
2026-06-08,Four Twenty Five Summit,1,0821,Studio,0,1.0,635,3255.0,3023.0,both,,,,,,2026-06-08,2026-06-08,0
2026-07-20,Four Twenty Five Summit,1,0821,Studio,0,1.0,635,3280.0,2870.0,both,"$2,296.88 Net Effective Rent",,,,,2026-06-11,2026-07-20,1
2026-07-20,Four Twenty Five Summit,1,0822,Studio,0,1.0,529,3055.0,2673.0,both,"$2,296.88 Net Effective Rent",,,,,2026-07-18,2026-07-20,1
2026-06-08,Four Twenty Five Summit,1,1004,Studio,0,1.0,565,3180.0,2953.0,both,,,,,,2026-06-08,2026-06-08,0
2026-06-16,Four Twenty Five Summit,1,1004,Studio,0,1.0,565,3180.0,2782.0,both,"$2,336.25 Net Effective Rent",,,,,2026-06-11,2026-06-16,0
2026-06-08,Four Twenty Five Summit,1,1012,Studio,0,1.0,,2610.0,2424.0,both,,,,,,2026-06-08,2026-06-08,0
2026-06-08,Four Twenty Five Summit,1,1209,Studio,0,1.0,383,2700.0,2507.0,both,,,,,,2026-06-08,2026-06-08,0
2026-06-20,Four Twenty Five Summit,1,1209,Studio,0,1.0,383,2700.0,2362.0,both,"$2,336.25 Net Effective Rent",8/3/2026,,,,2026-06-11,2026-06-20,0
2026-07-20,Four Twenty Five Summit,1,1212,Studio,0,1.0,374,2675.0,2340.0,both,"$2,296.88 Net Effective Rent",10/26/2026,,,,2026-07-19,2026-07-20,1
2026-06-08,Four Twenty Five Summit,1,1409,Studio,0,1.0,383,2640.0,2451.0,both,,,,,,2026-06-08,2026-06-08,0
2026-06-13,Four Twenty Five Summit,1,1409,Studio,0,1.0,383,2640.0,2310.0,both,"$2,310.00 Net Effective Rent",7/22/2026,,,,2026-06-11,2026-06-13,0
2026-06-08,Four Twenty Five Summit,1,1412,Studio,0,1.0,374,2670.0,2479.0,both,,,,,,2026-06-08,2026-06-08,0
2026-06-22,Four Twenty Five Summit,1,1412,Studio,0,1.0,374,2670.0,2336.0,both,"$2,336.25 Net Effective Rent",8/6/2026,,,,2026-06-11,2026-06-22,0
2026-06-22,Four Twenty Five Summit,1,1513,Studio,0,1.0,436,2830.0,2476.0,both,"$2,336.25 Net Effective Rent",9/13/2026,,,,2026-06-16,2026-06-22,0
2026-06-08,Four Twenty Five Summit,1,1604,Studio,0,1.0,565,3280.0,3046.0,both,,,,,,2026-06-08,2026-06-08,0
2026-06-16,Four Twenty Five Summit,1,1604,Studio,0,1.0,565,3280.0,2870.0,both,"$2,336.25 Net Effective Rent",7/4/2026,,,,2026-06-11,2026-06-16,0
2026-06-20,Four Twenty Five Summit,1,1609,Studio,0,1.0,383,2680.0,2345.0,both,"$2,336.25 Net Effective Rent",6/22/2026,,,,2026-06-11,2026-06-20,0
2026-06-27,Four Twenty Five Summit,1,1611,Studio,0,1.0,509,3010.0,2633.0,both,"$2,384.38 Net Effective Rent",7/16/2026,,,,2026-06-11,2026-06-27,0
2026-06-08,Four Twenty Five Summit,1,1704,Studio,0,1.0,565,3300.0,3064.0,both,,,,,,2026-06-08,2026-06-08,0
2026-06-20,Four Twenty Five Summit,1,1704,Studio,0,1.0,565,3300.0,2887.0,both,"$2,336.25 Net Effective Rent",,,,,2026-06-11,2026-06-20,0
2026-06-08,Four Twenty Five Summit,1,1709,Studio,0,1.0,383,2700.0,2507.0,both,,,,,,2026-06-08,2026-06-08,0
2026-06-16,Four Twenty Five Summit,1,1709,Studio,0,1.0,383,2700.0,2362.0,both,"$2,336.25 Net Effective Rent",6/26/2026,,,,2026-06-11,2026-06-16,0
2026-06-08,Four Twenty Five Summit,1,1911,Studio,0,1.0,509,3070.0,2851.0,both,,,,,,2026-06-08,2026-06-08,0
2026-06-25,Four Twenty Five Summit,1,1911,Studio,0,1.0,509,3070.0,2686.0,both,"$2,384.38 Net Effective Rent",7/27/2026,,,,2026-06-11,2026-06-25,0
2026-07-20,Four Twenty Five Summit,1,1912,Studio,0,1.0,374,2795.0,2445.0,both,"$2,296.88 Net Effective Rent",10/6/2026,,,,2026-07-20,2026-07-20,1
2026-06-08,Four Twenty Five Summit,1,2004,Studio,0,1.0,565,3410.0,3166.0,both,,,,,,2026-06-08,2026-06-08,0
2026-06-20,Four Twenty Five Summit,1,2004,Studio,0,1.0,565,3410.0,2983.0,both,"$2,336.25 Net Effective Rent",,,,,2026-06-11,2026-06-20,0
2026-07-18,Four Twenty Five Summit,1,2112,Studio,0,1.0,374,2835.0,2480.0,both,"$2,296.88 Net Effective Rent",8/11/2026,,,,2026-06-30,2026-07-18,0
2026-06-08,Four Twenty Five Summit,1,2213,Studio,0,1.0,436,2930.0,2721.0,both,,,,,,2026-06-08,2026-06-08,0
2026-06-26,Four Twenty Five Summit,1,2213,Studio,0,1.0,436,2930.0,2563.0,both,"$2,384.38 Net Effective Rent",8/2/2026,,,,2026-06-11,2026-06-26,0
2026-07-20,Four Twenty Five Summit,1,2307,Studio,0,1.0,383,2845.0,2489.0,both,"$2,296.88 Net Effective Rent",9/26/2026,,,,2026-07-20,2026-07-20,1
2026-07-20,Four Twenty Five Summit,1,2407,Studio,0,1.0,383,2845.0,2489.0,both,"$2,296.88 Net Effective Rent",10/24/2026,,,,2026-07-19,2026-07-20,1
2026-06-16,Four Twenty Five Summit,1,2410,Studio,0,1.0,374,2680.0,2345.0,both,"$2,336.25 Net Effective Rent",8/1/2026,,,,2026-06-11,2026-06-16,0
2026-06-08,Four Twenty Five Summit,1,2510,Studio,0,1.0,374,2700.0,2507.0,both,,,,,,2026-06-08,2026-06-08,0
2026-07-17,Four Twenty Five Summit,1,2510,Studio,0,1.0,374,2725.0,2384.0,both,"$2,296.88 Net Effective Rent",7/29/2026,,,,2026-06-11,2026-07-17,0
2026-06-08,Four Twenty Five Summit,1,2511,Studio,0,1.0,436,2990.0,2776.0,both,,,,,,2026-06-08,2026-06-08,0
2026-06-27,Four Twenty Five Summit,1,2511,Studio,0,1.0,436,2990.0,2616.0,both,"$2,384.38 Net Effective Rent",7/28/2026,,,,2026-06-11,2026-06-27,0
2026-06-08,Four Twenty Five Summit,1,2609,Studio,0,1.0,510,3210.0,2981.0,both,,,,,,2026-06-08,2026-06-08,0
2026-06-29,Four Twenty Five Summit,1,2609,Studio,0,1.0,510,3210.0,2808.0,both,"$2,384.38 Net Effective Rent",8/8/2026,,,,2026-06-11,2026-06-29,0
2026-06-08,Four Twenty Five Summit,1,PH03,Studio,0,1.0,,3250.0,3018.0,both,,,,,,2026-06-08,2026-06-08,0
2026-06-08,Four Twenty Five Summit,1,PH04,Studio,0,1.0,374,2740.0,2544.0,both,,,,,,2026-06-08,2026-06-08,0
2026-06-25,Four Twenty Five Summit,1,PH04,Studio,0,1.0,374,2740.0,2397.0,both,"$2,384.38 Net Effective Rent",7/31/2026,,,,2026-06-11,2026-06-25,0
2026-07-20,Haus25,1,fp1,1BR,1,1.0,675,4750.0,,asking,,,,,,2026-07-20,2026-07-20,1
2026-07-20,Haus25,1,fp2,1BR,1,1.0,685,4600.0,,asking,,,,,,2026-07-20,2026-07-20,1
2026-07-20,Haus25,1,fp3,1BR,1,1.0,809,5440.0,,asking,,,,,,2026-07-20,2026-07-20,1
2026-07-20,Haus25,1,fp7,1BR,1,1.0,744,5695.0,,asking,,,,,,2026-07-20,2026-07-20,1
2026-07-20,Haus25,1,fp8,1BR,1,1.0,847,5675.0,,asking,,,,,,2026-07-20,2026-07-20,1
2026-07-20,Haus25,1,fp9,1BR,1,1.0,835,5205.0,,asking,,,,,,2026-07-20,2026-07-20,1
2026-07-20,Haus25,1,fp10,2BR,2,1.0,1003,6860.0,,asking,,,,,,2026-07-20,2026-07-20,1
2026-07-20,Haus25,1,fp4,Studio,0,1.0,475,3630.0,,asking,,,,,,2026-07-20,2026-07-20,1
2026-07-20,Haus25,1,fp5,Studio,0,1.0,478,3750.0,,asking,,,,,,2026-07-20,2026-07-20,1
2026-07-20,Haus25,1,fp6,Studio,0,1.0,575,4175.0,,asking,,,,,,2026-07-20,2026-07-20,1
2026-07-09,Journal Square Urby,1,1416,1BR,1,1.0,,3365.0,,asking,"$3,934 */mo * Price includes concessions.",08/14/2026,,,,2026-06-12,2026-07-09,0
2026-07-20,Journal Square Urby,1,1605,1BR,1,1.0,523,3450.0,,asking,Up to 2 Months Free on Select Apartments! Additional leasing specials available - contact us to learn more.,08/26/2026,,,,2026-06-08,2026-07-20,1
2026-06-11,Journal Square Urby,1,1605,1BR,1,1.0,523,3425.0,,asking,"$2,786 */mo * Price includes concessions.",07/26/2026,,,,2026-06-11,2026-06-11,0
2026-06-19,Journal Square Urby,1,1816,1BR,1,1.0,,3350.0,,asking,"$2,874 */mo * Price includes concessions.",07/17/2026,,,,2026-06-19,2026-06-19,0
2026-06-18,Journal Square Urby,1,1908,1BR,1,1.0,523,,3227.0,net_effective,"$2,679 */mo * Price includes concessions.",Now,,,,2026-06-08,2026-06-18,0
2026-06-11,Journal Square Urby,1,1908,1BR,1,1.0,523,3545.0,,asking,"$2,786 */mo * Price includes concessions.",06/13/2026,,,,2026-06-11,2026-06-11,0
2026-06-23,Journal Square Urby,1,2008,1BR,1,1.0,523,3495.0,,asking,"$2,885 */mo * Price includes concessions.",Now,,,,2026-06-08,2026-06-23,0
2026-06-11,Journal Square Urby,1,2008,1BR,1,1.0,523,3545.0,,asking,"$2,786 */mo * Price includes concessions.",06/13/2026,,,,2026-06-11,2026-06-11,0
2026-07-20,Journal Square Urby,1,208,1BR,1,2.0,,3525.0,,asking,Up to 2 Months Free on Select Apartments! Additional leasing specials available - contact us to learn more.,08/04/2026,,,,2026-07-19,2026-07-20,1
2026-06-16,Journal Square Urby,1,2107,1BR,1,1.0,523,3495.0,,asking,"$2,679 */mo * Price includes concessions.",07/12/2026,,,,2026-06-08,2026-06-16,0
2026-07-20,Journal Square Urby,1,212,1BR,1,1.0,,3195.0,,asking,Up to 2 Months Free on Select Apartments! Additional leasing specials available - contact us to learn more.,09/06/2026,,,,2026-07-08,2026-07-20,1
2026-07-08,Journal Square Urby,1,2307,1BR,1,1.0,,3505.0,,asking,"$2,787 */mo * Price includes concessions.",09/03/2026,,,,2026-06-20,2026-07-08,0
2026-06-23,Journal Square Urby,1,305,1BR,1,1.0,,3005.0,,asking,"$2,885 */mo * Price includes concessions.",08/06/2026,,,,2026-06-11,2026-06-23,0
2026-07-20,Journal Square Urby,1,416,1BR,1,1.0,,3275.0,,asking,Up to 2 Months Free on Select Apartments! Additional leasing specials available - contact us to learn more.,08/19/2026,,,,2026-06-16,2026-07-20,1
2026-06-28,Journal Square Urby,1,507,1BR,1,1.0,523,,2791.0,net_effective,"$2,716 */mo * Price includes concessions.",07/03/2026,,,,2026-06-08,2026-06-28,0
2026-06-11,Journal Square Urby,1,507,1BR,1,1.0,523,,2849.0,net_effective,"$2,786 */mo * Price includes concessions.",07/03/2026,,,,2026-06-11,2026-06-11,0
2026-06-21,Journal Square Urby,1,712,1BR,1,1.0,523,3195.0,,asking,"$2,679 */mo * Price includes concessions.",08/20/2026,,,,2026-06-08,2026-06-21,0
2026-06-11,Journal Square Urby,1,712,1BR,1,1.0,523,3265.0,,asking,"$2,786 */mo * Price includes concessions.",08/20/2026,,,,2026-06-11,2026-06-11,0
2026-07-20,Journal Square Urby,1,713,1BR,1,1.0,,3235.0,,asking,Up to 2 Months Free on Select Apartments! Additional leasing specials available - contact us to learn more.,08/26/2026,,,,2026-06-25,2026-07-20,1
2026-06-20,Journal Square Urby,1,716,1BR,1,1.0,,3225.0,,asking,"$2,679 */mo * Price includes concessions.",08/19/2026,,,,2026-06-12,2026-06-20,0
2026-07-20,Journal Square Urby,1,911,1BR,1,1.0,,3250.0,,asking,Up to 2 Months Free on Select Apartments! Additional leasing specials available - contact us to learn more.,09/16/2026,,,,2026-07-19,2026-07-20,1
2026-07-20,Journal Square Urby,1,916,1BR,1,1.0,,3345.0,,asking,Up to 2 Months Free on Select Apartments! Additional leasing specials available - contact us to learn more.,09/17/2026,,,,2026-07-14,2026-07-20,1
2026-06-30,Journal Square Urby,1,1002,2BR,2,2.0,,4825.0,,asking,"$2,716 */mo * Price includes concessions.",08/25/2026,,,,2026-06-24,2026-06-30,0
2026-06-21,Journal Square Urby,1,1410,2BR,2,2.0,907,,4695.0,net_effective,"$2,679 */mo * Price includes concessions.",07/30/2026,,,,2026-06-08,2026-06-21,0
2026-06-11,Journal Square Urby,1,1410,2BR,2,2.0,907,4735.0,,asking,"$2,786 */mo * Price includes concessions.",07/30/2026,,,,2026-06-11,2026-06-11,0
2026-07-15,Journal Square Urby,1,1710,2BR,2,2.0,907,,4825.0,net_effective,"$2,995 */mo * Price includes concessions.",Now,,,,2026-06-08,2026-07-15,0
2026-06-11,Journal Square Urby,1,1710,2BR,2,2.0,907,4795.0,,asking,"$2,786 */mo * Price includes concessions.",06/30/2026,,,,2026-06-11,2026-06-11,0
2026-06-08,Journal Square Urby,1,1714,2BR,2,2.0,831,4146.0,4146.0,both,,7/4,,,,2026-06-08,2026-06-08,0
2026-07-06,Journal Square Urby,1,1812,2BR,2,2.0,805,,4174.0,net_effective,"$4,174 */mo * Price includes concessions.",Now,,,,2026-06-08,2026-07-06,0
2026-06-11,Journal Square Urby,1,1812,2BR,2,2.0,805,4625.0,,asking,"$2,786 */mo * Price includes concessions.",Now,,,,2026-06-11,2026-06-11,0
2026-07-14,Journal Square Urby,1,1910,2BR,2,2.0,907,,4249.0,net_effective,"$2,621 */mo * Price includes concessions.",Now,,,,2026-06-08,2026-07-14,0
2026-06-11,Journal Square Urby,1,1910,2BR,2,2.0,907,4850.0,,asking,"$2,786 */mo * Price includes concessions.",07/04/2026,,,,2026-06-11,2026-06-11,0
2026-07-09,Journal Square Urby,1,2014,2BR,2,2.0,,,3934.0,net_effective,"$3,934 */mo * Price includes concessions.",Now,,,,2026-06-19,2026-07-09,0
2026-07-16,Journal Square Urby,1,2110,2BR,2,2.0,,4925.0,,asking,"$4,257 */mo * Price includes concessions.",Now,,,,2026-06-19,2026-07-16,0
2026-07-10,Journal Square Urby,1,2112,2BR,2,2.0,805,,4039.0,net_effective,"$4,039 */mo * Price includes concessions.",Now,,,,2026-06-08,2026-07-10,0
2026-06-11,Journal Square Urby,1,2112,2BR,2,2.0,805,4695.0,,asking,"$2,786 */mo * Price includes concessions.",06/28/2026,,,,2026-06-11,2026-06-11,0
2026-06-12,Journal Square Urby,1,2214,2BR,2,2.0,831,4625.0,,asking,"$3,010 */mo * Price includes concessions.",07/12/2026,,,,2026-06-08,2026-06-12,0
2026-06-11,Journal Square Urby,1,2214,2BR,2,2.0,831,4535.0,,asking,"$2,786 */mo * Price includes concessions.",07/12/2026,,,,2026-06-11,2026-06-11,0
2026-07-19,Journal Square Urby,1,802,2BR,2,2.0,,,4257.0,net_effective,"$4,257 */mo * Price includes concessions.",Now,,,,2026-07-08,2026-07-19,0
2026-06-26,Journal Square Urby,1,714,3BR,3,2.0,892,5375.0,,asking,"$2,679 */mo * Price includes concessions.",Now,,,,2026-06-08,2026-06-26,0
2026-06-11,Journal Square Urby,1,714,3BR,3,2.0,892,5355.0,,asking,"$2,786 */mo * Price includes concessions.",Now,,,,2026-06-11,2026-06-11,0
2026-07-17,Journal Square Urby,1,1101,Studio,0,1.0,,2895.0,,asking,"$4,257 */mo * Price includes concessions.",08/18/2026,,,,2026-07-11,2026-07-17,0
2026-06-19,Journal Square Urby,1,1115,Studio,0,1.0,456,,3055.0,net_effective,"$2,874 */mo * Price includes concessions.",Now,,,,2026-06-08,2026-06-19,0
2026-06-11,Journal Square Urby,1,1115,Studio,0,1.0,456,3075.0,,asking,"$2,786 */mo * Price includes concessions.",06/14/2026,,,,2026-06-11,2026-06-11,0
2026-07-08,Journal Square Urby,1,1204,Studio,0,1.0,,2905.0,,asking,"$2,787 */mo * Price includes concessions.",08/22/2026,,,,2026-07-03,2026-07-08,0
2026-07-08,Journal Square Urby,1,1406,Studio,0,1.0,,2925.0,,asking,"$2,787 */mo * Price includes concessions.",07/15/2026,,,,2026-07-01,2026-07-08,0
2026-06-08,Journal Square Urby,1,1415,Studio,0,1.0,456,3095.0,2857.0,both,,7/12,,,,2026-06-08,2026-06-08,0
2026-06-30,Journal Square Urby,1,1506,Studio,0,1.0,442,,2716.0,net_effective,"$2,716 */mo * Price includes concessions.",08/04/2026,,,,2026-06-08,2026-06-30,0
2026-06-11,Journal Square Urby,1,1506,Studio,0,1.0,442,2965.0,,asking,"$2,786 */mo * Price includes concessions.",08/04/2026,,,,2026-06-11,2026-06-11,0
2026-06-27,Journal Square Urby,1,1515,Studio,0,1.0,456,3075.0,,asking,"$2,716 */mo * Price includes concessions.",Now,,,,2026-06-08,2026-06-27,0
2026-06-11,Journal Square Urby,1,1515,Studio,0,1.0,456,3095.0,,asking,"$2,786 */mo * Price includes concessions.",06/18/2026,,,,2026-06-11,2026-06-11,0
2026-07-20,Journal Square Urby,1,1606,Studio,0,1.0,,2925.0,,asking,Up to 2 Months Free on Select Apartments! Additional leasing specials available - contact us to learn more.,08/04/2026,,,,2026-06-12,2026-07-20,1
2026-07-08,Journal Square Urby,1,1615,Studio,0,1.0,,,2787.0,net_effective,"$2,787 */mo * Price includes concessions.",Now,,,,2026-06-27,2026-07-08,0
2026-07-20,Journal Square Urby,1,1701,Studio,0,1.0,,2975.0,,asking,Up to 2 Months Free on Select Apartments! Additional leasing specials available - contact us to learn more.,08/18/2026,,,,2026-07-20,2026-07-20,1
2026-07-07,Journal Square Urby,1,1704,Studio,0,1.0,,3025.0,,asking,1 month free on select units!Additional leasing specials available - contact us to learn more.,Now,,,,2026-06-27,2026-07-07,0
2026-07-01,Journal Square Urby,1,1804,Studio,0,1.0,,2975.0,,asking,"$2,925 */mo * Price includes concessions.",07/03/2026,,,,2026-07-01,2026-07-01,0
2026-06-15,Journal Square Urby,1,1903,Studio,0,1.0,442,,2786.0,net_effective,"$2,786 */mo * Price includes concessions.",07/07/2026,,,,2026-06-08,2026-06-15,0
2026-06-11,Journal Square Urby,1,1903,Studio,0,1.0,442,,2786.0,net_effective,"$2,786 */mo * Price includes concessions.",07/07/2026,,,,2026-06-11,2026-06-11,0
2026-07-19,Journal Square Urby,1,1904,Studio,0,1.0,,2975.0,,asking,"$4,257 */mo * Price includes concessions.",08/05/2026,,,,2026-07-02,2026-07-19,0
2026-07-01,Journal Square Urby,1,203,Studio,0,1.0,,2895.0,,asking,"$2,925 */mo * Price includes concessions.",09/13/2026,,,,2026-06-25,2026-07-01,0
2026-07-02,Journal Square Urby,1,2101,Studio,0,1.0,,2985.0,,asking,"$2,925 */mo * Price includes concessions.",07/18/2026,,,,2026-07-02,2026-07-02,0
2026-07-18,Journal Square Urby,1,2204,Studio,0,1.0,,2995.0,,asking,"$4,257 */mo * Price includes concessions.",Now,,,,2026-07-16,2026-07-18,0
2026-07-15,Journal Square Urby,1,2206,Studio,0,1.0,,,2995.0,net_effective,"$2,995 */mo * Price includes concessions.",Now,,,,2026-07-08,2026-07-15,0
2026-06-25,Journal Square Urby,1,2306,Studio,0,1.0,442,,2763.0,net_effective,"$2,679 */mo * Price includes concessions.",Now,,,,2026-06-08,2026-06-25,0
2026-06-11,Journal Square Urby,1,2306,Studio,0,1.0,442,,2809.0,net_effective,"$2,786 */mo * Price includes concessions.",06/21/2026,,,,2026-06-11,2026-06-11,0
2026-07-18,Journal Square Urby,1,403,Studio,0,1.0,,2865.0,,asking,"$4,257 */mo * Price includes concessions.",08/04/2026,,,,2026-07-08,2026-07-18,0
2026-07-20,Journal Square Urby,1,504,Studio,0,1.0,,2865.0,,asking,Up to 2 Months Free on Select Apartments! Additional leasing specials available - contact us to learn more.,09/23/2026,,,,2026-07-18,2026-07-20,1
2026-07-20,Journal Square Urby,1,506,Studio,0,1.0,,2865.0,,asking,Up to 2 Months Free on Select Apartments! Additional leasing specials available - contact us to learn more.,09/10/2026,,,,2026-07-15,2026-07-20,1
2026-07-20,Journal Square Urby,1,515,Studio,0,1.0,,3165.0,,asking,Up to 2 Months Free on Select Apartments! Additional leasing specials available - contact us to learn more.,08/18/2026,,,,2026-07-04,2026-07-20,1
2026-07-20,Journal Square Urby,1,715,Studio,0,1.0,,3165.0,,asking,Up to 2 Months Free on Select Apartments! Additional leasing specials available - contact us to learn more.,08/29/2026,,,,2026-07-11,2026-07-20,1
2026-06-20,Journal Square Urby,1,803,Studio,0,1.0,,,2679.0,net_effective,"$2,679 */mo * Price includes concessions.",Now,,,,2026-06-16,2026-06-20,0
2026-06-26,Journal Square Urby,1,804,Studio,0,1.0,442,,2679.0,net_effective,"$2,679 */mo * Price includes concessions.",Now,,,,2026-06-08,2026-06-26,0
2026-06-11,Journal Square Urby,1,804,Studio,0,1.0,442,2925.0,,asking,"$2,786 */mo * Price includes concessions.",06/20/2026,,,,2026-06-11,2026-06-11,0
2026-07-14,Journal Square Urby,1,906,Studio,0,1.0,,2885.0,,asking,"$2,621 */mo * Price includes concessions.",09/08/2026,,,,2026-07-11,2026-07-14,0
2026-06-30,Journal Squared,1,0902,1BR,1,1.0,591,3200.0,,asking,Up to 1 mo free on SELECT units (term not stated),07/01/2026,,,,2026-06-11,2026-06-30,0
2026-07-10,Journal Squared,1,1102,1BR,1,1.0,716,3260.0,,asking,Up to 1 mo free on SELECT units (term not stated),Now,,,,2026-06-14,2026-07-10,0
2026-07-10,Journal Squared,1,1115,1BR,1,1.0,830,3695.0,,asking,Up to 1 mo free on SELECT units (term not stated),Now,,,,2026-06-08,2026-07-10,0
2026-06-08,Journal Squared,1,1401,1BR,1,1.0,687,3195.0,2949.0,both,,,,,,2026-06-08,2026-06-08,0
2026-07-20,Journal Squared,1,1402,1BR,1,1.0,716,3395.0,,asking,Up to 1 mo free on SELECT units (term not stated),11/07/2026,,,,2026-07-01,2026-07-20,1
2026-06-13,Journal Squared,1,1502,1BR,1,1.0,716,3395.0,,asking,Up to 1 mo free on SELECT units (term not stated),08/07/2026,,,,2026-06-08,2026-06-13,0
2026-06-16,Journal Squared,1,1701,1BR,1,1.0,656,3295.0,,asking,Up to 1 mo free on SELECT units (term not stated),Now,,,,2026-06-11,2026-06-16,0
2026-07-11,Journal Squared,1,1702,1BR,1,1.0,716,3270.0,,asking,Up to 1 mo free on SELECT units (term not stated),Now,,,,2026-06-16,2026-07-11,0
2026-07-19,Journal Squared,1,1702,1BR,1,1.0,591,3285.0,,asking,Up to 1 mo free on SELECT units (term not stated),09/08/2026,,,,2026-07-05,2026-07-19,0
2026-07-09,Journal Squared,1,1703,1BR,1,1.0,646,3035.0,,asking,Up to 1 mo free on SELECT units (term not stated),09/13/2026,,,,2026-07-08,2026-07-09,0
2026-06-08,Journal Squared,1,1709,1BR,1,1.0,965,3705.0,3420.0,both,,09/07/2026,,,,2026-06-08,2026-06-08,0
2026-06-08,Journal Squared,1,1810,1BR,1,1.0,827,3510.0,3240.0,both,,,,,,2026-06-08,2026-06-08,0
2026-06-21,Journal Squared,1,1912,1BR,1,1.0,870,3870.0,,asking,Up to 1 mo free on SELECT units (term not stated),Now,,,,2026-06-08,2026-06-21,0
2026-07-20,Journal Squared,1,2001,1BR,1,1.0,656,3320.0,,asking,Up to 1 mo free on SELECT units (term not stated),Now,,,,2026-06-18,2026-07-20,1
2026-07-15,Journal Squared,1,2002,1BR,1,1.0,738,3375.0,,asking,Up to 1 mo free on SELECT units (term not stated),Now,,,,2026-06-08,2026-07-15,0
2026-06-08,Journal Squared,1,2014,1BR,1,1.0,869,3675.0,3392.0,both,,08/18/2026,,,,2026-06-08,2026-06-08,0
2026-07-02,Journal Squared,1,2101,1BR,1,1.0,656,3245.0,,asking,Up to 1 mo free on SELECT units (term not stated),Now,,,,2026-06-17,2026-07-02,0
2026-07-20,Journal Squared,1,2101,1BR,1,1.0,777,3345.0,,asking,Up to 1 mo free on SELECT units (term not stated),10/13/2026,,,,2026-07-20,2026-07-20,1
2026-07-20,Journal Squared,1,2214,1BR,1,1.0,869,3685.0,,asking,Up to 1 mo free on SELECT units (term not stated),08/27/2026,,,,2026-06-25,2026-07-20,1
2026-06-21,Journal Squared,1,2301,1BR,1,1.0,656,3245.0,,asking,Up to 1 mo free on SELECT units (term not stated),Now,,,,2026-06-13,2026-06-21,0
2026-07-20,Journal Squared,1,2312,1BR,1,1.0,870,4060.0,,asking,Up to 1 mo free on SELECT units (term not stated),09/14/2026,,,,2026-07-01,2026-07-20,1
2026-07-20,Journal Squared,1,2412,1BR,1,1.0,870,4060.0,,asking,Up to 1 mo free on SELECT units (term not stated),09/13/2026,,,,2026-07-09,2026-07-20,1
2026-07-20,Journal Squared,1,2501,1BR,1,1.0,631,3290.0,,asking,Up to 1 mo free on SELECT units (term not stated),10/07/2026,,,,2026-07-20,2026-07-20,1
2026-07-16,Journal Squared,1,2605,1BR,1,1.0,618,3495.0,,asking,Up to 1 mo free on SELECT units (term not stated),08/23/2026,,,,2026-06-26,2026-07-16,0
2026-07-11,Journal Squared,1,2614,1BR,1,1.0,869,3540.0,,asking,Up to 1 mo free on SELECT units (term not stated),Now,,,,2026-06-15,2026-07-11,0
2026-06-18,Journal Squared,1,2705,1BR,1,1.0,618,3280.0,,asking,Up to 1 mo free on SELECT units (term not stated),Now,,,,2026-06-18,2026-06-18,0
2026-07-13,Journal Squared,1,2802,1BR,1,1.0,698,3230.0,,asking,Up to 1 mo free on SELECT units (term not stated),08/19/2026,,,,2026-07-13,2026-07-13,0
2026-07-20,Journal Squared,1,2902,1BR,1,1.0,738,3550.0,,asking,Up to 1 mo free on SELECT units (term not stated),09/07/2026,,,,2026-07-01,2026-07-20,1
2026-07-07,Journal Squared,1,2905,1BR,1,1.0,622,3255.0,,asking,Up to 1 mo free on SELECT units (term not stated),Now,,,,2026-06-14,2026-07-07,0
2026-06-25,Journal Squared,1,2905,1BR,1,1.0,618,3330.0,,asking,Up to 1 mo free on SELECT units (term not stated),Now,,,,2026-06-25,2026-06-25,0
2026-07-20,Journal Squared,1,3103,1BR,1,1.0,686,3775.0,,asking,Up to 1 mo free on SELECT units (term not stated),08/04/2026,,,,2026-06-08,2026-07-20,1
2026-07-15,Journal Squared,1,3103,1BR,1,1.0,652,3310.0,,asking,Up to 1 mo free on SELECT units (term not stated),09/05/2026,,,,2026-06-18,2026-07-15,0
2026-07-15,Journal Squared,1,3106,1BR,1,1.0,623,3520.0,,asking,Up to 1 mo free on SELECT units (term not stated),09/20/2026,,,,2026-07-13,2026-07-15,0
2026-06-08,Journal Squared,1,3303,1BR,1,1.0,652,3100.0,2862.0,both,,,,,,2026-06-08,2026-06-08,0
2026-07-09,Journal Squared,1,3303,1BR,1,1.0,732,3215.0,,asking,Up to 1 mo free on SELECT units (term not stated),Now,,,,2026-06-13,2026-07-09,0
2026-07-11,Journal Squared,1,3403,1BR,1,1.0,732,3255.0,,asking,Up to 1 mo free on SELECT units (term not stated),09/08/2026,,,,2026-07-04,2026-07-11,0
2026-06-15,Journal Squared,1,3504,1BR,1,1.0,628,3115.0,,asking,Up to 1 mo free on SELECT units (term not stated),Now,,,,2026-06-11,2026-06-15,0
2026-07-20,Journal Squared,1,3505,1BR,1,1.0,618,3550.0,,asking,Up to 1 mo free on SELECT units (term not stated),10/18/2026,,,,2026-07-03,2026-07-20,1
2026-07-12,Journal Squared,1,3601,1BR,1,1.0,637,3075.0,,asking,Up to 1 mo free on SELECT units (term not stated),08/21/2026,,,,2026-06-23,2026-07-12,0
2026-07-16,Journal Squared,1,3605,1BR,1,1.0,735,3560.0,,asking,Up to 1 mo free on SELECT units (term not stated),07/22/2026,,,,2026-07-10,2026-07-16,0
2026-07-19,Journal Squared,1,3703,1BR,1,1.0,732,3330.0,,asking,Up to 1 mo free on SELECT units (term not stated),10/07/2026,,,,2026-06-11,2026-07-19,0
2026-06-12,Journal Squared,1,3705,1BR,1,1.0,618,3300.0,,asking,Up to 1 mo free on SELECT units (term not stated),Now,,,,2026-06-11,2026-06-12,0
2026-07-11,Journal Squared,1,3903,1BR,1,1.0,700,3735.0,,asking,Up to 1 mo free on SELECT units (term not stated),09/21/2026,,,,2026-06-11,2026-07-11,0
2026-07-17,Journal Squared,1,4101,1BR,1,1.0,637,3080.0,,asking,Up to 1 mo free on SELECT units (term not stated),09/24/2026,,,,2026-07-08,2026-07-17,0
2026-06-13,Journal Squared,1,4105,1BR,1,1.0,641,3390.0,,asking,Up to 1 mo free on SELECT units (term not stated),08/03/2026,,,,2026-06-08,2026-06-13,0
2026-07-15,Journal Squared,1,4105,1BR,1,1.0,618,3415.0,,asking,Up to 1 mo free on SELECT units (term not stated),Now,,,,2026-06-17,2026-07-15,0
2026-06-21,Journal Squared,1,4106,1BR,1,1.0,860,3710.0,,asking,Up to 1 mo free on SELECT units (term not stated),06/23/2026,,,,2026-06-16,2026-06-21,0
2026-06-23,Journal Squared,1,4203,1BR,1,1.0,732,3440.0,,asking,Up to 1 mo free on SELECT units (term not stated),08/26/2026,,,,2026-06-20,2026-06-23,0
2026-06-27,Journal Squared,1,4301,1BR,1,1.0,637,3155.0,,asking,Up to 1 mo free on SELECT units (term not stated),08/22/2026,,,,2026-06-24,2026-06-27,0
2026-07-04,Journal Squared,1,4405,1BR,1,1.0,618,3330.0,,asking,Up to 1 mo free on SELECT units (term not stated),Now,,,,2026-06-23,2026-07-04,0
2026-07-20,Journal Squared,1,4603,1BR,1,1.0,652,3395.0,,asking,Up to 1 mo free on SELECT units (term not stated),08/07/2026,,,,2026-06-11,2026-07-20,1
2026-07-13,Journal Squared,1,4703,1BR,1,1.0,732,3295.0,,asking,Up to 1 mo free on SELECT units (term not stated),09/26/2026,,,,2026-07-07,2026-07-13,0
2026-06-14,Journal Squared,1,4704,1BR,1,1.0,646,3255.0,,asking,Up to 1 mo free on SELECT units (term not stated),Now,,,,2026-06-13,2026-06-14,0
2026-07-06,Journal Squared,1,4805,1BR,1,1.0,618,3330.0,,asking,Up to 1 mo free on SELECT units (term not stated),Now,,,,2026-07-05,2026-07-06,0
2026-07-09,Journal Squared,1,5003,1BR,1,1.0,700,3835.0,,asking,Up to 1 mo free on SELECT units (term not stated),09/02/2026,,,,2026-06-24,2026-07-09,0
2026-07-19,Journal Squared,1,5004,1BR,1,1.0,646,3380.0,,asking,Up to 1 mo free on SELECT units (term not stated),08/13/2026,,,,2026-06-30,2026-07-19,0
2026-06-16,Journal Squared,1,5105,1BR,1,1.0,622,3410.0,,asking,Up to 1 mo free on SELECT units (term not stated),08/08/2026,,,,2026-06-15,2026-06-16,0
2026-06-12,Journal Squared,1,5201,1BR,1,1.0,630,3150.0,,asking,Up to 1 mo free on SELECT units (term not stated),08/07/2026,,,,2026-06-08,2026-06-12,0
2026-07-18,Journal Squared,1,5206,1BR,1,1.0,860,3715.0,,asking,Up to 1 mo free on SELECT units (term not stated),08/01/2026,,,,2026-06-15,2026-07-18,0
2026-07-18,Journal Squared,1,5208,1BR,1,1.0,684,3535.0,,asking,Up to 1 mo free on SELECT units (term not stated),08/08/2026,,,,2026-06-29,2026-07-18,0
2026-06-29,Journal Squared,1,5305,1BR,1,1.0,618,3515.0,,asking,Up to 1 mo free on SELECT units (term not stated),Now,,,,2026-06-13,2026-06-29,0
2026-07-18,Journal Squared,1,5501,1BR,1,1.0,637,3100.0,,asking,Up to 1 mo free on SELECT units (term not stated),08/26/2026,,,,2026-06-22,2026-07-18,0
2026-06-14,Journal Squared,1,5505,1BR,1,1.0,618,3340.0,,asking,Up to 1 mo free on SELECT units (term not stated),Now,,,,2026-06-14,2026-06-14,0
2026-07-19,Journal Squared,1,5603,1BR,1,1.0,700,3900.0,,asking,Up to 1 mo free on SELECT units (term not stated),09/11/2026,,,,2026-07-04,2026-07-19,0
2026-07-19,Journal Squared,1,5701,1BR,1,1.0,637,3120.0,,asking,Up to 1 mo free on SELECT units (term not stated),09/02/2026,,,,2026-06-08,2026-07-19,0
2026-06-08,Journal Squared,1,5705,1BR,1,1.0,618,3465.0,3198.0,both,,07/24/2026,,,,2026-06-08,2026-06-08,0
2026-07-17,Journal Squared,1,5806,1BR,1,1.0,623,3595.0,,asking,Up to 1 mo free on SELECT units (term not stated),Now,,,,2026-07-16,2026-07-17,0
2026-07-13,Journal Squared,1,6401,1BR,1,1.0,637,3095.0,,asking,Up to 1 mo free on SELECT units (term not stated),08/31/2026,,,,2026-07-01,2026-07-13,0
2026-06-21,Journal Squared,1,,1BR,1,1.0,1031,4635.0,,asking,Up to 1 mo free on SELECT units (term not stated),Now,,,,2026-06-11,2026-06-21,0
2026-07-20,Journal Squared,1,,1BR,1,1.0,692,4100.0,,asking,Up to 1 mo free on SELECT units (term not stated),08/24/2026,,,,2026-06-20,2026-07-20,1
2026-07-08,Journal Squared,1,1002,2BR,2,2.0,914,4765.0,,asking,Up to 1 mo free on SELECT units (term not stated),09/01/2026,,,,2026-07-01,2026-07-08,0
2026-06-08,Journal Squared,1,1011,2BR,2,2.0,1011,4535.0,4186.0,both,,08/07/2026,,,,2026-06-08,2026-06-08,0
2026-07-14,Journal Squared,1,1108,2BR,2,2.0,1083,4665.0,,asking,Up to 1 mo free on SELECT units (term not stated),09/02/2026,,,,2026-06-28,2026-07-14,0
2026-07-20,Journal Squared,1,1202,2BR,2,2.0,914,4825.0,,asking,Up to 1 mo free on SELECT units (term not stated),10/26/2026,,,,2026-07-12,2026-07-20,1
2026-07-19,Journal Squared,1,1812,2BR,2,2.0,1044,5055.0,,asking,Up to 1 mo free on SELECT units (term not stated),09/08/2026,,,,2026-07-12,2026-07-19,0
2026-06-12,Journal Squared,1,1912,2BR,2,2.0,1044,4925.0,,asking,Up to 1 mo free on SELECT units (term not stated),08/13/2026,,,,2026-06-11,2026-06-12,0
2026-07-05,Journal Squared,1,2002,2BR,2,2.0,1015,4910.0,,asking,Up to 1 mo free on SELECT units (term not stated),08/22/2026,,,,2026-06-18,2026-07-05,0
2026-07-11,Journal Squared,1,2106,2BR,2,2.0,991,4510.0,,asking,Up to 1 mo free on SELECT units (term not stated),Now,,,,2026-06-08,2026-07-11,0
2026-06-20,Journal Squared,1,2305,2BR,2,2.0,944,5100.0,,asking,Up to 1 mo free on SELECT units (term not stated),Now,,,,2026-06-08,2026-06-20,0
2026-06-30,Journal Squared,1,2306,2BR,2,2.0,991,4595.0,,asking,Up to 1 mo free on SELECT units (term not stated),08/27/2026,,,,2026-06-22,2026-06-30,0
2026-07-20,Journal Squared,1,2312,2BR,2,2.0,1044,5040.0,,asking,Up to 1 mo free on SELECT units (term not stated),09/01/2026,,,,2026-06-13,2026-07-20,1
2026-06-27,Journal Squared,1,2413,2BR,2,2.0,996,4675.0,,asking,Up to 1 mo free on SELECT units (term not stated),08/29/2026,,,,2026-06-21,2026-06-27,0
2026-07-20,Journal Squared,1,2902,2BR,2,2.0,1056,5240.0,,asking,Up to 1 mo free on SELECT units (term not stated),09/07/2026,,,,2026-06-30,2026-07-20,1
2026-07-08,Journal Squared,1,3304,2BR,2,2.0,1031,4645.0,,asking,Up to 1 mo free on SELECT units (term not stated),Now,,,,2026-06-15,2026-07-08,0
2026-07-06,Journal Squared,1,3307,2BR,2,2.0,1071,4340.0,,asking,Up to 1 mo free on SELECT units (term not stated),Now,,,,2026-06-13,2026-07-06,0
2026-06-27,Journal Squared,1,3404,2BR,2,2.0,1031,4790.0,,asking,Up to 1 mo free on SELECT units (term not stated),Now,,,,2026-06-08,2026-06-27,0
2026-07-12,Journal Squared,1,3410,2BR,2,2.0,1048,4810.0,,asking,Up to 1 mo free on SELECT units (term not stated),08/13/2026,,,,2026-06-26,2026-07-12,0
2026-06-28,Journal Squared,1,3502,2BR,2,2.0,1056,5375.0,,asking,Up to 1 mo free on SELECT units (term not stated),Now,,,,2026-06-16,2026-06-28,0
2026-07-20,Journal Squared,1,4104,2BR,2,2.0,1030,5000.0,,asking,Up to 1 mo free on SELECT units (term not stated),08/26/2026,,,,2026-06-18,2026-07-20,1
2026-07-08,Journal Squared,1,4110,2BR,2,2.0,1048,4805.0,,asking,Up to 1 mo free on SELECT units (term not stated),08/22/2026,,,,2026-07-02,2026-07-08,0
2026-07-20,Journal Squared,1,4202,2BR,2,2.0,1025,4805.0,,asking,Up to 1 mo free on SELECT units (term not stated),09/06/2026,,,,2026-07-04,2026-07-20,1
2026-07-09,Journal Squared,1,4207,2BR,2,2.0,1071,4390.0,,asking,Up to 1 mo free on SELECT units (term not stated),Now,,,,2026-06-18,2026-07-09,0
2026-07-07,Journal Squared,1,4302,2BR,2,2.0,1025,4665.0,,asking,Up to 1 mo free on SELECT units (term not stated),Now,,,,2026-06-08,2026-07-07,0
2026-06-29,Journal Squared,1,4602,2BR,2,2.0,1025,4665.0,,asking,Up to 1 mo free on SELECT units (term not stated),08/08/2026,,,,2026-06-29,2026-06-29,0
2026-07-09,Journal Squared,1,4610,2BR,2,2.0,1048,4605.0,,asking,Up to 1 mo free on SELECT units (term not stated),Now,,,,2026-06-13,2026-07-09,0
2026-07-20,Journal Squared,1,4702,2BR,2,2.0,1056,5475.0,,asking,Up to 1 mo free on SELECT units (term not stated),10/25/2026,,,,2026-07-12,2026-07-20,1
2026-07-11,Journal Squared,1,4802,2BR,2,2.0,1056,5455.0,,asking,Up to 1 mo free on SELECT units (term not stated),09/03/2026,,,,2026-06-08,2026-07-11,0
2026-07-20,Journal Squared,1,4802,2BR,2,2.0,1025,4820.0,,asking,Up to 1 mo free on SELECT units (term not stated),09/13/2026,,,,2026-06-19,2026-07-20,1
2026-07-17,Journal Squared,1,4804,2BR,2,2.0,1031,4965.0,,asking,Up to 1 mo free on SELECT units (term not stated),08/07/2026,,,,2026-06-11,2026-07-17,0
2026-06-26,Journal Squared,1,4807,2BR,2,2.0,1071,4645.0,,asking,Up to 1 mo free on SELECT units (term not stated),08/26/2026,,,,2026-06-23,2026-06-26,0
2026-06-24,Journal Squared,1,4810,2BR,2,2.0,1048,4925.0,,asking,Up to 1 mo free on SELECT units (term not stated),08/16/2026,,,,2026-06-24,2026-06-24,0
2026-07-20,Journal Squared,1,4904,2BR,2,2.0,1066,5425.0,,asking,Up to 1 mo free on SELECT units (term not stated),08/19/2026,,,,2026-07-10,2026-07-20,1
2026-07-03,Journal Squared,1,4910,2BR,2,2.0,1048,4830.0,,asking,Up to 1 mo free on SELECT units (term not stated),Now,,,,2026-06-23,2026-07-03,0
2026-07-19,Journal Squared,1,5004,2BR,2,2.0,1031,4995.0,,asking,Up to 1 mo free on SELECT units (term not stated),07/22/2026,,,,2026-06-17,2026-07-19,0
2026-07-10,Journal Squared,1,5107,2BR,2,2.0,1071,4475.0,,asking,Up to 1 mo free on SELECT units (term not stated),Now,,,,2026-06-08,2026-07-10,0
2026-07-06,Journal Squared,1,5110,2BR,2,2.0,1048,4530.0,,asking,Up to 1 mo free on SELECT units (term not stated),07/25/2026,,,,2026-06-08,2026-07-06,0
2026-07-06,Journal Squared,1,5310,2BR,2,2.0,1048,4830.0,,asking,Up to 1 mo free on SELECT units (term not stated),08/18/2026,,,,2026-06-30,2026-07-06,0
2026-07-09,Journal Squared,1,5502,2BR,2,2.0,1025,4680.0,,asking,Up to 1 mo free on SELECT units (term not stated),07/26/2026,,,,2026-06-17,2026-07-09,0
2026-07-06,Journal Squared,1,5702,2BR,2,2.0,1056,5430.0,,asking,Up to 1 mo free on SELECT units (term not stated),08/08/2026,,,,2026-07-06,2026-07-06,0
2026-07-18,Journal Squared,1,5804,2BR,2,2.0,1030,4995.0,,asking,Up to 1 mo free on SELECT units (term not stated),09/03/2026,,,,2026-07-10,2026-07-18,0
2026-06-22,Journal Squared,1,5910,2BR,2,2.0,1048,4950.0,,asking,Up to 1 mo free on SELECT units (term not stated),07/04/2026,,,,2026-06-17,2026-06-22,0
2026-06-28,Journal Squared,1,6304,2BR,2,2.0,1031,4915.0,,asking,Up to 1 mo free on SELECT units (term not stated),08/15/2026,,,,2026-06-25,2026-06-28,0
2026-07-20,Journal Squared,1,6404,2BR,2,2.0,1031,5030.0,,asking,Up to 1 mo free on SELECT units (term not stated),08/16/2026,,,,2026-06-21,2026-07-20,1
2026-06-20,Journal Squared,1,,2BR,2,2.0,1415,6220.0,,asking,Up to 1 mo free on SELECT units (term not stated),Now,,,,2026-06-11,2026-06-20,0
2026-06-08,Journal Squared,1,PH1-07,2BR,2,2.0,1415,6955.0,6420.0,both,,,,,,2026-06-08,2026-06-08,0
2026-06-23,Journal Squared,1,0906,3BR,3,2.0,1158,5700.0,,asking,Up to 1 mo free on SELECT units (term not stated),08/28/2026,,,,2026-06-21,2026-06-23,0
2026-07-09,Journal Squared,1,1206,3BR,3,2.0,1158,5695.0,,asking,Up to 1 mo free on SELECT units (term not stated),08/04/2026,,,,2026-07-09,2026-07-09,0
2026-06-20,Journal Squared,1,1213,3BR,3,2.0,1286,5850.0,,asking,Up to 1 mo free on SELECT units (term not stated),08/26/2026,,,,2026-06-17,2026-06-20,0
2026-07-04,Journal Squared,1,1406,3BR,3,2.0,1158,5640.0,,asking,Up to 1 mo free on SELECT units (term not stated),07/20/2026,,,,2026-06-26,2026-07-04,0
2026-07-16,Journal Squared,1,1409,3BR,3,2.0,1415,5930.0,,asking,Up to 1 mo free on SELECT units (term not stated),Now,,,,2026-06-08,2026-07-16,0
2026-07-09,Journal Squared,1,1905,3BR,3,2.0,1241,6170.0,,asking,Up to 1 mo free on SELECT units (term not stated),08/22/2026,,,,2026-06-08,2026-07-09,0
2026-07-10,Journal Squared,1,2309,3BR,3,2.0,1422,5930.0,,asking,Up to 1 mo free on SELECT units (term not stated),07/25/2026,,,,2026-06-24,2026-07-10,0
2026-06-14,Journal Squared,1,2805,3BR,3,2.0,1241,6230.0,,asking,Up to 1 mo free on SELECT units (term not stated),07/08/2026,,,,2026-06-08,2026-06-14,0
2026-06-22,Journal Squared,1,0905,Studio,0,1.0,498,2915.0,,asking,Up to 1 mo free on SELECT units (term not stated),Now,,,,2026-06-18,2026-06-22,0
2026-06-14,Journal Squared,1,0909,Studio,0,1.0,622,3140.0,,asking,Up to 1 mo free on SELECT units (term not stated),06/23/2026,,,,2026-06-14,2026-06-14,0
2026-07-06,Journal Squared,1,1004,Studio,0,1.0,549,3035.0,,asking,Up to 1 mo free on SELECT units (term not stated),08/21/2026,,,,2026-06-15,2026-07-06,0
2026-06-08,Journal Squared,1,1007,Studio,0,1.0,444,2765.0,2552.0,both,,07/04/2026,,,,2026-06-08,2026-06-08,0
2026-06-13,Journal Squared,1,1009,Studio,0,1.0,622,3040.0,,asking,Up to 1 mo free on SELECT units (term not stated),Now,,,,2026-06-13,2026-06-13,0
2026-07-20,Journal Squared,1,1105,Studio,0,1.0,498,2985.0,,asking,Up to 1 mo free on SELECT units (term not stated),10/29/2026,,,,2026-06-15,2026-07-20,1
2026-07-20,Journal Squared,1,1105,Studio,0,1.0,558,2815.0,,asking,Up to 1 mo free on SELECT units (term not stated),09/13/2026,,,,2026-06-28,2026-07-20,1
2026-06-17,Journal Squared,1,1111,Studio,0,1.0,474,3010.0,,asking,Up to 1 mo free on SELECT units (term not stated),07/26/2026,,,,2026-06-11,2026-06-17,0
2026-07-09,Journal Squared,1,1112,Studio,0,1.0,511,2880.0,,asking,Up to 1 mo free on SELECT units (term not stated),07/13/2026,,,,2026-07-03,2026-07-09,0
2026-07-15,Journal Squared,1,1205,Studio,0,1.0,498,2985.0,,asking,Up to 1 mo free on SELECT units (term not stated),09/07/2026,,,,2026-07-12,2026-07-15,0
2026-07-06,Journal Squared,1,1211,Studio,0,1.0,474,2965.0,,asking,Up to 1 mo free on SELECT units (term not stated),09/07/2026,,,,2026-07-02,2026-07-06,0
2026-07-13,Journal Squared,1,1212,Studio,0,1.0,511,2955.0,,asking,Up to 1 mo free on SELECT units (term not stated),09/05/2026,,,,2026-07-13,2026-07-13,0
2026-07-20,Journal Squared,1,1401,Studio,0,1.0,488,2935.0,,asking,Up to 1 mo free on SELECT units (term not stated),09/17/2026,,,,2026-07-14,2026-07-20,1
2026-06-11,Journal Squared,1,1405,Studio,0,1.0,498,3050.0,,asking,Up to 1 mo free on SELECT units (term not stated),06/26/2026,,,,2026-06-08,2026-06-11,0
2026-07-20,Journal Squared,1,1412,Studio,0,1.0,511,2965.0,,asking,Up to 1 mo free on SELECT units (term not stated),09/14/2026,,,,2026-06-30,2026-07-20,1
2026-07-19,Journal Squared,1,1414,Studio,0,1.0,479,3165.0,,asking,Up to 1 mo free on SELECT units (term not stated),08/07/2026,,,,2026-06-11,2026-07-19,0
2026-07-06,Journal Squared,1,1503,Studio,0,1.0,453,2820.0,,asking,Up to 1 mo free on SELECT units (term not stated),07/07/2026,,,,2026-06-08,2026-07-06,0
2026-07-01,Journal Squared,1,1504,Studio,0,1.0,530,2785.0,,asking,Up to 1 mo free on SELECT units (term not stated),09/30/2026,,,,2026-06-16,2026-07-01,0
2026-07-13,Journal Squared,1,1507,Studio,0,1.0,410,2810.0,,asking,Up to 1 mo free on SELECT units (term not stated),Now,,,,2026-06-11,2026-07-13,0
2026-06-08,Journal Squared,1,1514,Studio,0,1.0,479,2950.0,2723.0,both,,08/07/2026,,,,2026-06-08,2026-06-08,0
2026-06-12,Journal Squared,1,1605,Studio,0,1.0,403,2670.0,,asking,Up to 1 mo free on SELECT units (term not stated),Now,,,,2026-06-11,2026-06-12,0
2026-07-20,Journal Squared,1,1606,Studio,0,1.0,484,3015.0,,asking,Up to 1 mo free on SELECT units (term not stated),Now,,,,2026-06-08,2026-07-20,1
2026-06-08,Journal Squared,1,1606,Studio,0,1.0,407,2940.0,2714.0,both,,08/07/2026,,,,2026-06-08,2026-06-08,0
2026-07-12,Journal Squared,1,1607,Studio,0,1.0,523,2950.0,,asking,Up to 1 mo free on SELECT units (term not stated),Now,,,,2026-06-14,2026-07-12,0
2026-07-17,Journal Squared,1,1706,Studio,0,1.0,484,3095.0,,asking,Up to 1 mo free on SELECT units (term not stated),09/07/2026,,,,2026-07-02,2026-07-17,0
2026-07-18,Journal Squared,1,1712,Studio,0,1.0,511,2900.0,,asking,Up to 1 mo free on SELECT units (term not stated),Now,,,,2026-06-29,2026-07-18,0
2026-07-01,Journal Squared,1,1812,Studio,0,1.0,511,2930.0,,asking,Up to 1 mo free on SELECT units (term not stated),07/19/2026,,,,2026-07-01,2026-07-01,0
2026-07-14,Journal Squared,1,1905,Studio,0,1.0,547,2840.0,,asking,Up to 1 mo free on SELECT units (term not stated),07/26/2026,,,,2026-07-14,2026-07-14,0
2026-06-13,Journal Squared,1,1908,Studio,0,1.0,431,2950.0,,asking,Up to 1 mo free on SELECT units (term not stated),Now,,,,2026-06-12,2026-06-13,0
2026-07-05,Journal Squared,1,2204,Studio,0,1.0,454,2830.0,,asking,Up to 1 mo free on SELECT units (term not stated),07/09/2026,,,,2026-06-08,2026-07-05,0
2026-07-20,Journal Squared,1,2306,Studio,0,1.0,407,2925.0,,asking,Up to 1 mo free on SELECT units (term not stated),10/26/2026,,,,2026-07-07,2026-07-20,1
2026-06-14,Journal Squared,1,2308,Studio,0,1.0,431,3050.0,,asking,Up to 1 mo free on SELECT units (term not stated),07/10/2026,,,,2026-06-14,2026-06-14,0
2026-06-23,Journal Squared,1,2711,Studio,0,1.0,477,2900.0,,asking,Up to 1 mo free on SELECT units (term not stated),06/26/2026,,,,2026-06-14,2026-06-23,0
2026-07-01,Journal Squared,1,2811,Studio,0,1.0,477,2855.0,,asking,Up to 1 mo free on SELECT units (term not stated),09/13/2026,,,,2026-06-13,2026-07-01,0
2026-06-08,Journal Squared,1,3411,Studio,0,1.0,573,2930.0,2705.0,both,,07/07/2026,,,,2026-06-08,2026-06-08,0
2026-07-20,Journal Squared,1,3701,Studio,0,1.0,510,3145.0,,asking,Up to 1 mo free on SELECT units (term not stated),10/21/2026,,,,2026-07-09,2026-07-20,1
2026-07-20,Journal Squared,1,3709,Studio,0,1.0,467,2910.0,,asking,Up to 1 mo free on SELECT units (term not stated),09/22/2026,,,,2026-07-18,2026-07-20,1
2026-07-16,Journal Squared,1,4411,Studio,0,1.0,573,3165.0,,asking,Up to 1 mo free on SELECT units (term not stated),08/19/2026,,,,2026-06-15,2026-07-16,0
2026-07-20,Journal Squared,1,4611,Studio,0,1.0,573,3165.0,,asking,Up to 1 mo free on SELECT units (term not stated),08/07/2026,,,,2026-06-13,2026-07-20,1
2026-06-24,Journal Squared,1,4801,Studio,0,1.0,510,3210.0,,asking,Up to 1 mo free on SELECT units (term not stated),07/16/2026,,,,2026-06-17,2026-06-24,0
2026-06-23,Journal Squared,1,5309,Studio,0,1.0,467,2830.0,,asking,Up to 1 mo free on SELECT units (term not stated),Now,,,,2026-06-12,2026-06-23,0
2026-07-08,Journal Squared,1,5501,Studio,0,1.0,510,3080.0,,asking,Up to 1 mo free on SELECT units (term not stated),07/15/2026,,,,2026-06-15,2026-07-08,0
2026-07-04,Journal Squared,1,5809,Studio,0,1.0,467,2810.0,,asking,Up to 1 mo free on SELECT units (term not stated),Now,,,,2026-06-13,2026-07-04,0
2026-07-17,Journal Squared,1,6209,Studio,0,1.0,467,2940.0,,asking,Up to 1 mo free on SELECT units (term not stated),08/30/2026,,,,2026-06-26,2026-07-17,0
2026-07-05,Journal Squared,1,6309,Studio,0,1.0,467,2815.0,,asking,Up to 1 mo free on SELECT units (term not stated),Now,,,,2026-06-21,2026-07-05,0
2026-06-20,Journal Squared,1,6509,Studio,0,1.0,467,2985.0,,asking,Up to 1 mo free on SELECT units (term not stated),07/13/2026,,,,2026-06-08,2026-06-20,0
2026-07-20,MetroVue,1,1006,1BR,1,1.0,562,2850.0,,asking,Incentives offered — unquantified ('contact leasing'),"July 24 th, 2026",,,,2026-06-17,2026-07-20,1
2026-07-20,MetroVue,1,1110,1BR,1,1.0,590,3099.0,,asking,Incentives offered — unquantified ('contact leasing'),Now!,,,,2026-06-08,2026-07-20,1
2026-07-20,MetroVue,1,206,1BR,1,1.0,562,2850.0,,asking,Incentives offered — unquantified ('contact leasing'),Now!,,,,2026-06-08,2026-07-20,1
2026-07-20,MetroVue,1,209,1BR,1,1.0,562,2850.0,,asking,Incentives offered — unquantified ('contact leasing'),Now!,,,,2026-06-08,2026-07-20,1
2026-06-16,MetroVue,1,406,1BR,1,1.0,562,2750.0,,asking,Incentives offered — unquantified ('contact leasing'),1st May 2026,,,,2026-06-08,2026-06-16,0
2026-07-20,MetroVue,1,407,1BR,1,1.0,562,2750.0,,asking,Incentives offered — unquantified ('contact leasing'),"August 15th, 2026",,,,2026-06-17,2026-07-20,1
2026-06-16,MetroVue,1,5011,1BR,1,1.0,540,2700.0,,asking,Incentives offered — unquantified ('contact leasing'),1st May 2026,,,,2026-06-08,2026-06-16,0
2026-06-16,MetroVue,1,505,1BR,1,1.0,562,2750.0,,asking,Incentives offered — unquantified ('contact leasing'),15th May 2026,,,,2026-06-08,2026-06-16,0
2026-07-20,MetroVue,1,609,1BR,1,1.0,562,2800.0,,asking,Incentives offered — unquantified ('contact leasing'),"July 15th, 2026",,,,2026-06-17,2026-07-20,1
2026-06-16,MetroVue,1,503,Studio,0,1.0,432,2200.0,,asking,Incentives offered — unquantified ('contact leasing'),5th May 2026,,,,2026-06-08,2026-06-16,0
2026-06-14,Orchard,1,1014,1BR,1,1.0,,2715.0,,asking,1-2 mo free (14-mo) per Apr survey — no concession language on widget,,,,,2026-06-08,2026-06-14,0
2026-06-14,Orchard,1,1215,1BR,1,1.0,,2995.0,,asking,1-2 mo free (14-mo) per Apr survey — no concession language on widget,,,,,2026-06-08,2026-06-14,0
2026-07-20,Orchard,1,2301,1BR,1,1.0,,3700.0,,asking,1-2 mo free (14-mo) per Apr survey — no concession language on widget,,,,,2026-07-01,2026-07-20,1
2026-07-20,Orchard,1,3414,1BR,1,1.0,,2675.0,,asking,1-2 mo free (14-mo) per Apr survey — no concession language on widget,,,,,2026-07-01,2026-07-20,1
2026-07-20,Orchard,1,4093,1BR,1,1.0,,2750.0,,asking,1-2 mo free (14-mo) per Apr survey — no concession language on widget,,,,,2026-07-01,2026-07-20,1
2026-06-25,Orchard,1,4499,1BR,1,1.0,,2850.0,,asking,1-2 mo free (14-mo) per Apr survey — no concession language on widget,,,,,2026-06-15,2026-06-25,0
2026-06-14,Orchard,1,5414,1BR,1,1.0,,2850.0,,asking,1-2 mo free (14-mo) per Apr survey — no concession language on widget,,,,,2026-06-08,2026-06-14,0
2026-07-20,Orchard,1,6042,1BR,1,1.0,,2950.0,,asking,1-2 mo free (14-mo) per Apr survey — no concession language on widget,,,,,2026-07-01,2026-07-20,1
2026-06-25,Orchard,1,7215,1BR,1,1.0,,2995.0,,asking,1-2 mo free (14-mo) per Apr survey — no concession language on widget,,,,,2026-06-15,2026-06-25,0
2026-07-20,Orchard,1,8306,1BR,1,1.0,,2650.0,,asking,1-2 mo free (14-mo) per Apr survey — no concession language on widget,,,,,2026-07-01,2026-07-20,1
2026-07-20,Orchard,1,8518,1BR,1,1.0,,3300.0,,asking,1-2 mo free (14-mo) per Apr survey — no concession language on widget,,,,,2026-07-01,2026-07-20,1
2026-07-20,Orchard,1,9061,1BR,1,1.0,,2850.0,,asking,1-2 mo free (14-mo) per Apr survey — no concession language on widget,,,,,2026-07-01,2026-07-20,1
2026-06-25,Orchard,1,9814,1BR,1,1.0,,2715.0,,asking,1-2 mo free (14-mo) per Apr survey — no concession language on widget,,,,,2026-06-15,2026-06-25,0
2026-07-20,Orchard,1,1225,2BR,2,2.0,,3999.0,,asking,1-2 mo free (14-mo) per Apr survey — no concession language on widget,,,,,2026-07-01,2026-07-20,1
2026-07-20,Orchard,1,2604,2BR,2,1.0,,3175.0,,asking,1-2 mo free (14-mo) per Apr survey — no concession language on widget,,,,,2026-07-01,2026-07-20,1
2026-06-14,Orchard,1,3403,2BR,2,2.0,,3595.0,,asking,1-2 mo free (14-mo) per Apr survey — no concession language on widget,,,,,2026-06-08,2026-06-14,0
2026-07-20,Orchard,1,3501,2BR,2,1.0,,3350.0,,asking,1-2 mo free (14-mo) per Apr survey — no concession language on widget,,,,,2026-07-01,2026-07-20,1
2026-06-14,Orchard,1,604,2BR,2,1.0,,3250.0,,asking,1-2 mo free (14-mo) per Apr survey — no concession language on widget,,,,,2026-06-08,2026-06-14,0
2026-06-25,Orchard,1,6994,2BR,2,1.0,,3250.0,,asking,1-2 mo free (14-mo) per Apr survey — no concession language on widget,,,,,2026-06-15,2026-06-25,0
2026-06-25,Orchard,1,9493,2BR,2,2.0,,3595.0,,asking,1-2 mo free (14-mo) per Apr survey — no concession language on widget,,,,,2026-06-15,2026-06-25,0
2026-06-14,Orchard,1,1012,Studio,0,1.0,,2475.0,,asking,1-2 mo free (14-mo) per Apr survey — no concession language on widget,,,,,2026-06-08,2026-06-14,0
2026-06-14,Orchard,1,1313,Studio,0,1.0,,2399.0,,asking,1-2 mo free (14-mo) per Apr survey — no concession language on widget,,,,,2026-06-08,2026-06-14,0
2026-06-25,Orchard,1,1982,Studio,0,1.0,,2475.0,,asking,1-2 mo free (14-mo) per Apr survey — no concession language on widget,,,,,2026-06-15,2026-06-25,0
2026-06-25,Orchard,1,6612,Studio,0,1.0,,2360.0,,asking,1-2 mo free (14-mo) per Apr survey — no concession language on widget,,,,,2026-06-15,2026-06-25,0
2026-07-20,Rivet,1,,1BR,1,1.0,725,2420.0,,asking,,,,,,2026-07-20,2026-07-20,1
2026-07-20,Rivet,1,,1BR,1,1.0,671,2425.0,,asking,,9/1/26,,,,2026-07-20,2026-07-20,1
2026-07-20,Rivet,1,,1BR,1,1.0,839,2595.0,,asking,,10/1/26,,,,2026-07-20,2026-07-20,1
2026-07-20,Rivet,1,,1BR,1,1.0,711,2495.0,,asking,,8/14/26,,,,2026-07-20,2026-07-20,1
2026-07-20,Rivet,1,,1BR,1,1.0,715,2495.0,,asking,,9/1/26,,,,2026-07-20,2026-07-20,1
2026-07-20,Rivet,1,,Studio,0,1.0,502,1995.0,,asking,,,,,,2026-07-20,2026-07-20,1
2026-07-20,Rivet,1,,Studio,0,1.0,543,2095.0,,asking,,9/6/26,,,,2026-07-20,2026-07-20,1
2026-07-20,Rivet 26,1,,1BR,1,1.0,692,2595.0,,asking,,8/25/26,,,,2026-07-20,2026-07-20,1
2026-07-20,Rivet 26,1,,1BR,1,1.0,605,2395.0,,asking,,8/6/26,,,,2026-07-20,2026-07-20,1
2026-07-20,Rivet 26,1,,1BR,1,1.0,817,2695.0,,asking,,,,,,2026-07-20,2026-07-20,1
2026-07-20,Rivet 26,1,,2BR,2,2.0,1290,3750.0,,asking,,9/1/26,,,,2026-07-20,2026-07-20,1
2026-07-20,Rivet 26,1,,2BR,2,2.0,1272,3795.0,,asking,,8/1/26,,,,2026-07-20,2026-07-20,1
2026-07-20,Rivet 26,1,,Studio,0,1.0,501,2050.0,,asking,,9/1/26,,,,2026-07-20,2026-07-20,1
2026-07-20,Rivet 26,1,,Studio,0,1.0,514,2095.0,,asking,,8/3/26,,,,2026-07-20,2026-07-20,1
2026-07-20,Sable,0,SAB-0402,1BR,1,1.0,752,3915.0,,asking,,,,,,2026-07-20,2026-07-20,1
2026-07-20,Sable,0,SAB-1003,1BR,1,1.0,736,3925.0,,asking,,,,,,2026-07-20,2026-07-20,1
2026-07-20,Sable,0,SAB-2011,1BR,1,1.0,752,4645.0,,asking,,,,,,2026-07-20,2026-07-20,1
2026-07-20,Sable,0,SAB-2107,1BR,1,1.0,569,3580.0,,asking,,,,,,2026-07-20,2026-07-20,1
2026-07-20,Sable,0,SAB-2409,1BR,1,1.0,529,3465.0,,asking,,,,,,2026-07-20,2026-07-20,1
2026-07-20,Sable,0,SAB-2802,1BR,1,1.0,612,4110.0,,asking,,,,,,2026-07-20,2026-07-20,1
2026-07-20,Sable,0,SAB-3103,1BR,1,1.0,599,3800.0,,asking,,,,,,2026-07-20,2026-07-20,1
2026-07-20,Sable,0,SAB-3205,1BR,1,1.0,612,3860.0,,asking,,,,,,2026-07-20,2026-07-20,1
2026-07-20,Sable,0,SAB-3402,1BR,1,1.0,612,4085.0,,asking,,,,,,2026-07-20,2026-07-20,1
2026-07-20,Sable,0,SAB-3512,1BR,1,1.0,569,4000.0,,asking,,,,,,2026-07-20,2026-07-20,1
2026-07-20,Sable,0,SAB-3603,1BR,1,1.0,599,3800.0,,asking,,,,,,2026-07-20,2026-07-20,1
2026-07-20,Sable,0,SAB-3701,1BR,1,1.0,569,4015.0,,asking,,,,,,2026-07-20,2026-07-20,1
2026-07-20,Sable,0,SAB-3709,1BR,1,1.0,699,4225.0,,asking,,,,,,2026-07-20,2026-07-20,1
2026-07-20,Sable,0,SAB-4706,1BR,1,1.0,569,3700.0,,asking,,,,,,2026-07-20,2026-07-20,1
2026-07-20,Sable,0,SAB-4802,1BR,1,1.0,612,4520.0,,asking,,,,,,2026-07-20,2026-07-20,1
2026-07-20,Sable,0,SAB-5007,1BR,1,1.0,569,3700.0,,asking,,,,,,2026-07-20,2026-07-20,1
2026-07-20,Sable,0,SAB-5302,1BR,1,1.0,612,4520.0,,asking,,,,,,2026-07-20,2026-07-20,1
2026-07-20,Sable,0,SAB-5411,1BR,1,1.0,612,4220.0,,asking,,,,,,2026-07-20,2026-07-20,1
2026-07-20,Sable,0,SAB-5504,1BR,1,1.0,599,3860.0,,asking,,,,,,2026-07-20,2026-07-20,1
2026-07-20,Sable,0,SAB-5509,1BR,1,1.0,529,3600.0,,asking,,,,,,2026-07-20,2026-07-20,1
2026-07-20,Sable,0,SAB-6205,1BR,1,1.0,612,4020.0,,asking,,,,,,2026-07-20,2026-07-20,1
2026-07-20,Sable,0,SAB-6906,1BR,1,1.0,569,3825.0,,asking,,,,,,2026-07-20,2026-07-20,1
2026-07-20,Sable,0,SAB-1005,2BR,2,1.0,1013,5460.0,,asking,,,,,,2026-07-20,2026-07-20,1
2026-07-20,Sable,0,SAB-1405,2BR,2,1.0,1013,5520.0,,asking,,,,,,2026-07-20,2026-07-20,1
2026-07-20,Sable,0,SAB-1408,2BR,2,1.0,824,5095.0,,asking,,,,,,2026-07-20,2026-07-20,1
2026-07-20,Sable,0,SAB-1508,2BR,2,1.0,824,5070.0,,asking,,,,,,2026-07-20,2026-07-20,1
2026-07-20,Sable,0,SAB-3505,2BR,2,1.0,824,5175.0,,asking,,,,,,2026-07-20,2026-07-20,1
2026-07-20,Sable,0,SAB-3711,2BR,2,1.0,1013,6015.0,,asking,,,,,,2026-07-20,2026-07-20,1
2026-07-20,Sable,0,SAB-3811,2BR,2,1.0,1013,6015.0,,asking,,,,,,2026-07-20,2026-07-20,1
2026-07-20,Sable,0,SAB-4008,2BR,2,1.0,1013,5715.0,,asking,,,,,,2026-07-20,2026-07-20,1
2026-07-20,Sable,0,SAB-4102,2BR,2,1.0,824,5415.0,,asking,,,,,,2026-07-20,2026-07-20,1
2026-07-20,Sable,0,SAB-4302,2BR,2,1.0,1013,6045.0,,asking,,,,,,2026-07-20,2026-07-20,1
2026-07-20,Sable,0,SAB-4402,2BR,2,1.0,1013,6045.0,,asking,,,,,,2026-07-20,2026-07-20,1
2026-07-20,Sable,0,SAB-4805,2BR,2,1.0,824,5270.0,,asking,,,,,,2026-07-20,2026-07-20,1
2026-07-20,Sable,0,SAB-6505,2BR,2,1.0,1013,5910.0,,asking,,,,,,2026-07-20,2026-07-20,1
2026-07-20,Sable,0,SAB-6708,2BR,2,1.0,824,5385.0,,asking,,,,,,2026-07-20,2026-07-20,1
2026-07-20,Sable,0,SAB-2001,Studio,0,1.0,413,3475.0,,asking,,,,,,2026-07-20,2026-07-20,1
2026-07-20,Sable,0,SAB-3012,Studio,0,1.0,413,3535.0,,asking,,,,,,2026-07-20,2026-07-20,1
2026-07-20,Sable,0,SAB-4910,Studio,0,1.0,456,3550.0,,asking,,,,,,2026-07-20,2026-07-20,1
2026-07-20,Sable,0,SAB-5001,Studio,0,1.0,413,3595.0,,asking,,,,,,2026-07-20,2026-07-20,1
2026-07-20,Sable,0,SAB-6007,Studio,0,1.0,413,3445.0,,asking,,,,,,2026-07-20,2026-07-20,1
2026-07-20,Sable,0,SAB-6110,Studio,0,1.0,561,3920.0,,asking,,,,,,2026-07-20,2026-07-20,1
2026-07-20,Sawyer,1,0113,1BR,1,1.0,827,3536.0,,asking,,,,,,2026-07-20,2026-07-20,1
2026-07-20,Sawyer,1,0114,1BR,1,1.0,827,3591.0,,asking,,,,,,2026-07-20,2026-07-20,1
2026-07-20,Sawyer,1,0115,1BR,1,1.0,827,3591.0,,asking,,,,,,2026-07-20,2026-07-20,1
2026-07-20,Sawyer,1,0215,1BR,1,1.0,900,3621.0,,asking,,,,,,2026-07-20,2026-07-20,1
2026-07-20,Sawyer,1,0301,1BR,1,1.0,822,3424.0,,asking,,,,,,2026-07-20,2026-07-20,1
2026-07-20,Sawyer,1,0312,1BR,1,1.0,763,3172.0,,asking,,,,,,2026-07-20,2026-07-20,1
2026-07-20,Sawyer,1,0316,1BR,1,1.0,763,3172.0,,asking,,,,,,2026-07-20,2026-07-20,1
2026-07-20,Sawyer,1,0321,1BR,1,1.0,775,3267.0,,asking,,,,,,2026-07-20,2026-07-20,1
2026-07-20,Sawyer,1,0406,1BR,1,1.0,775,3292.0,,asking,,,,,,2026-07-20,2026-07-20,1
2026-07-20,Sawyer,1,0426,2BR,2,2.0,1119,4269.0,,asking,,,,,,2026-07-20,2026-07-20,1
2026-07-20,The Agnes,1,111,1BR,1,1.0,,2560.0,,asking,,,,,,2026-07-20,2026-07-20,1
2026-07-20,The Agnes,1,113,1BR,1,1.0,,2560.0,,asking,,,,,,2026-07-20,2026-07-20,1
2026-07-20,The Agnes,1,116,1BR,1,1.0,,2650.0,,asking,,,,,,2026-07-20,2026-07-20,1
2026-07-20,The Agnes,1,444,1BR,1,1.0,,2635.0,,asking,,,,,,2026-07-20,2026-07-20,1
2026-07-20,The Agnes,1,447,1BR,1,1.0,,3005.0,,asking,,,,,,2026-07-20,2026-07-20,1
2026-07-20,The Agnes,1,530,1BR,1,1.0,,2565.0,,asking,,,,,,2026-07-20,2026-07-20,1
2026-07-20,The Agnes,1,215,2BR,2,2.0,,3210.0,,asking,,,,,,2026-07-20,2026-07-20,1
2026-07-20,The Agnes,1,221,2BR,2,2.0,,3265.0,,asking,,,,,,2026-07-20,2026-07-20,1
2026-07-20,The Agnes,1,525,2BR,2,2.0,,3320.0,,asking,,,,,,2026-07-20,2026-07-20,1
2026-07-20,The Agnes,1,533,2BR,2,2.0,,3685.0,,asking,,,,,,2026-07-20,2026-07-20,1
2026-07-20,The Agnes,1,120,4BR,4,3.0,,5570.0,,asking,,,,,,2026-07-20,2026-07-20,1
2026-07-20,The Agnes,1,352,Studio,0,1.0,,2340.0,,asking,,,,,,2026-07-20,2026-07-20,1
2026-07-20,The Agnes,1,509,Studio,0,1.0,,2255.0,,asking,,,,,,2026-07-20,2026-07-20,1
2026-07-20,The Agnes,1,519,Studio,0,1.0,,2430.0,,asking,,,,,,2026-07-20,2026-07-20,1
2026-07-20,The Devan,1,238,1BR,1,1.0,,3755.0,,asking,,,,,,2026-07-20,2026-07-20,1
2026-07-20,The Devan,1,416,1BR,1,1.0,,3720.0,,asking,,,,,,2026-07-20,2026-07-20,1
2026-07-20,The Devan,1,543,1BR,1,1.0,,3860.0,,asking,,,,,,2026-07-20,2026-07-20,1
2026-07-20,The Devan,1,624,1BR,1,1.0,,4095.0,,asking,,,,,,2026-07-20,2026-07-20,1
2026-07-20,The Devan,1,650,1BR,1,1.0,,3365.0,,asking,,,,,,2026-07-20,2026-07-20,1
2026-07-20,The Devan,1,652,1BR,1,1.0,,3395.0,,asking,,,,,,2026-07-20,2026-07-20,1
2026-07-20,The Devan,1,660,1BR,1,1.0,,3675.0,,asking,,,,,,2026-07-20,2026-07-20,1
2026-07-20,The Devan,1,358,2BR,2,2.0,,5255.0,,asking,,,,,,2026-07-20,2026-07-20,1
2026-07-20,The Devan,1,442,2BR,2,2.0,,5315.0,,asking,,,,,,2026-07-20,2026-07-20,1
2026-07-20,The Devan,1,515,2BR,2,2.0,,4960.0,,asking,,,,,,2026-07-20,2026-07-20,1
2026-07-20,The Devan,1,206,3BR,3,2.0,,7295.0,,asking,,,,,,2026-07-20,2026-07-20,1
2026-07-20,The Devan,1,426,Studio,0,1.0,,3625.0,,asking,,,,,,2026-07-20,2026-07-20,1
2026-07-20,The Devan,1,726,Studio,0,1.0,,3680.0,,asking,,,,,,2026-07-20,2026-07-20,1
2026-07-20,The Devan,1,847,Studio,0,1.0,,3600.0,,asking,,,,,,2026-07-20,2026-07-20,1
2026-07-20,The Enclave,1,fp1,1BR,1,1.0,664,3295.0,,asking,,,,,,2026-07-20,2026-07-20,1
2026-07-20,The Enclave,1,fp2,1BR,1,1.0,695,3290.0,,asking,,,,,,2026-07-20,2026-07-20,1
2026-07-20,The Enclave,1,fp3,1BR,1,1.0,700,3360.0,,asking,,,,,,2026-07-20,2026-07-20,1
2026-07-20,The Enclave,1,fp4,1BR,1,1.0,735,3380.0,,asking,,,,,,2026-07-20,2026-07-20,1
2026-07-20,The Enclave,1,fp5,1BR,1,1.0,810,3360.0,,asking,,,,,,2026-07-20,2026-07-20,1
2026-07-20,The Enclave,1,fp6,1BR,1,1.0,867,3410.0,,asking,,,,,,2026-07-20,2026-07-20,1
2026-07-20,The Enclave,1,fp7,1BR,1,1.0,825,3485.0,,asking,,,,,,2026-07-20,2026-07-20,1
2026-06-29,The Greyson,1,1003,1BR,1,1.0,,3875.0,3552.0,net+derived_gross,UP TO 2 MONTHS FREE*,,,2,24,2026-06-26,2026-06-29,0
2026-07-09,The Greyson,1,1012,1BR,1,1.0,671,3500.0,3208.0,net+derived_gross,UP TO 2 MONTHS FREE*,,,2,24,2026-07-01,2026-07-09,0
2026-07-20,The Greyson,1,1103,1BR,1,1.0,,3952.0,3623.0,net+derived_gross,UP TO 2 MONTHS FREE*,,,2,24,2026-07-01,2026-07-20,1
2026-07-20,The Greyson,1,1118,1BR,1,1.0,657,3802.0,3485.0,net+derived_gross,UP TO 2 MONTHS FREE*,,,2,24,2026-07-15,2026-07-20,1
2026-07-20,The Greyson,1,1123,1BR,1,1.0,,3509.0,3217.0,net+derived_gross,UP TO 2 MONTHS FREE*,,,2,24,2026-07-17,2026-07-20,1
2026-06-29,The Greyson,1,1412,1BR,1,1.0,,3474.0,3185.0,net+derived_gross,UP TO 2 MONTHS FREE*,,,2,24,2026-06-24,2026-06-29,0
2026-06-15,The Greyson,1,1626,1BR,1,1.0,699,3615.0,3314.0,net+derived_gross,UP TO 2 MONTHS FREE*,,,2,24,2026-06-14,2026-06-15,0
2026-07-16,The Greyson,1,1626,1BR,1,1.0,699,3615.0,3314.0,net+derived_gross,UP TO 2 MONTHS FREE*,,,2,24,2026-06-16,2026-07-16,0
2026-07-16,The Greyson,1,1723,1BR,1,1.0,,3550.0,3254.0,net+derived_gross,UP TO 2 MONTHS FREE*,,,2,24,2026-07-07,2026-07-16,0
2026-06-08,The Greyson,1,1823,1BR,1,1.0,,3515.0,3245.0,both,,,,2,24,2026-06-08,2026-06-08,0
2026-06-15,The Greyson,1,1907,1BR,1,1.0,629,3250.0,2979.0,net+derived_gross,UP TO 2 MONTHS FREE*,,,2,24,2026-06-14,2026-06-15,0
2026-06-17,The Greyson,1,1907,1BR,1,1.0,629,3250.0,2979.0,net+derived_gross,UP TO 2 MONTHS FREE*,,,2,24,2026-06-16,2026-06-17,0
2026-06-15,The Greyson,1,2018,1BR,1,1.0,657,3935.0,3607.0,net+derived_gross,UP TO 2 MONTHS FREE*,,,2,24,2026-06-08,2026-06-15,0
2026-07-01,The Greyson,1,2018,1BR,1,1.0,657,3935.0,3607.0,net+derived_gross,UP TO 2 MONTHS FREE*,,,2,24,2026-06-16,2026-07-01,0
2026-07-05,The Greyson,1,2209,1BR,1,1.0,740,3865.0,3543.0,net+derived_gross,UP TO 2 MONTHS FREE*,,,2,24,2026-06-16,2026-07-05,0
2026-06-08,The Greyson,1,2507,1BR,1,1.0,,3277.0,3025.0,both,,,,2,24,2026-06-08,2026-06-08,0
2026-06-13,The Greyson,1,2712,1BR,1,1.0,,3534.0,3240.0,net+derived_gross,UP TO 2 MONTHS FREE*,,,2,24,2026-06-08,2026-06-13,0
2026-06-29,The Greyson,1,507,1BR,1,1.0,,3250.0,2979.0,net+derived_gross,UP TO 2 MONTHS FREE*,,,2,24,2026-06-26,2026-06-29,0
2026-07-20,The Greyson,1,512,1BR,1,1.0,,3419.0,3134.0,net+derived_gross,UP TO 2 MONTHS FREE*,,,2,24,2026-07-10,2026-07-20,1
2026-07-20,The Greyson,1,525,1BR,1,1.0,,3827.0,3508.0,net+derived_gross,UP TO 2 MONTHS FREE*,,,2,24,2026-07-01,2026-07-20,1
2026-06-16,The Greyson,1,912,1BR,1,1.0,671,3310.0,3034.0,net+derived_gross,UP TO 2 MONTHS FREE*,,,2,24,2026-06-14,2026-06-16,0
2026-06-23,The Greyson,1,912,1BR,1,1.0,671,3310.0,3034.0,net+derived_gross,UP TO 2 MONTHS FREE*,,,2,24,2026-06-17,2026-06-23,0
2026-06-16,The Greyson,1,923,1BR,1,1.0,688,3450.0,3163.0,net+derived_gross,UP TO 2 MONTHS FREE*,,,2,24,2026-06-11,2026-06-16,0
2026-07-06,The Greyson,1,923,1BR,1,1.0,688,3450.0,3163.0,net+derived_gross,UP TO 2 MONTHS FREE*,,,2,24,2026-06-17,2026-07-06,0
2026-07-07,The Greyson,1,1902,2BR,2,2.0,886,5610.0,5143.0,net+derived_gross,UP TO 2 MONTHS FREE*,,,2,24,2026-06-17,2026-07-07,0
2026-06-13,The Greyson,1,2008,2BR,2,2.0,,5475.0,5019.0,net+derived_gross,UP TO 2 MONTHS FREE*,,,2,24,2026-06-08,2026-06-13,0
2026-07-20,The Greyson,1,2108,2BR,2,2.0,1079,5625.0,5156.0,net+derived_gross,UP TO 2 MONTHS FREE*,,,2,24,2026-06-16,2026-07-20,1
2026-06-16,The Greyson,1,902,2BR,2,2.0,886,5425.0,4973.0,net+derived_gross,UP TO 2 MONTHS FREE*,,,2,24,2026-06-08,2026-06-16,0
2026-07-18,The Greyson,1,902,2BR,2,2.0,886,5425.0,4973.0,net+derived_gross,UP TO 2 MONTHS FREE*,,,2,24,2026-06-17,2026-07-18,0
2026-06-16,The Greyson,1,615,3BR,3,2.0,1103,5550.0,5088.0,net+derived_gross,UP TO 2 MONTHS FREE*,,,2,24,2026-06-08,2026-06-16,0
2026-07-14,The Greyson,1,615,3BR,3,2.0,1103,5550.0,5088.0,net+derived_gross,UP TO 2 MONTHS FREE*,,,2,24,2026-06-17,2026-07-14,0
2026-07-20,The Greyson,1,815,3BR,3,2.0,,5629.0,5160.0,net+derived_gross,UP TO 2 MONTHS FREE*,,,2,24,2026-07-15,2026-07-20,1
2026-07-02,The Greyson,1,1013,Studio,0,1.0,,3080.0,2823.0,net+derived_gross,UP TO 2 MONTHS FREE*,,,2,24,2026-06-16,2026-07-02,0
2026-07-16,The Greyson,1,1022,Studio,0,1.0,,2940.0,2695.0,net+derived_gross,UP TO 2 MONTHS FREE*,,,2,24,2026-07-15,2026-07-16,0
2026-07-06,The Greyson,1,1101,Studio,0,1.0,,2800.0,2567.0,net+derived_gross,UP TO 2 MONTHS FREE*,,,2,24,2026-07-03,2026-07-06,0
2026-07-06,The Greyson,1,1117,Studio,0,1.0,,2975.0,2727.0,net+derived_gross,UP TO 2 MONTHS FREE*,,,2,24,2026-07-03,2026-07-06,0
2026-07-14,The Greyson,1,1122,Studio,0,1.0,415,2865.0,2626.0,net+derived_gross,UP TO 2 MONTHS FREE*,,,2,24,2026-06-24,2026-07-14,0
2026-06-13,The Greyson,1,1201,Studio,0,1.0,,2790.0,2558.0,net+derived_gross,UP TO 2 MONTHS FREE*,,,2,24,2026-06-08,2026-06-13,0
2026-06-14,The Greyson,1,1213,Studio,0,1.0,470,3080.0,2823.0,net+derived_gross,UP TO 2 MONTHS FREE*,,,2,24,2026-06-11,2026-06-14,0
2026-07-18,The Greyson,1,1401,Studio,0,1.0,,2870.0,2631.0,net+derived_gross,UP TO 2 MONTHS FREE*,,,2,24,2026-07-17,2026-07-18,0
2026-07-20,The Greyson,1,1621,Studio,0,1.0,549,3375.0,3094.0,net+derived_gross,UP TO 2 MONTHS FREE*,,,2,24,2026-07-03,2026-07-20,1
2026-07-18,The Greyson,1,1704,Studio,0,1.0,,2920.0,2677.0,net+derived_gross,UP TO 2 MONTHS FREE*,,,2,24,2026-07-15,2026-07-18,0
2026-07-14,The Greyson,1,2001,Studio,0,1.0,,2850.0,2613.0,net+derived_gross,UP TO 2 MONTHS FREE*,,,2,24,2026-07-07,2026-07-14,0
2026-07-14,The Greyson,1,2004,Studio,0,1.0,,2895.0,2654.0,net+derived_gross,UP TO 2 MONTHS FREE*,,,2,24,2026-07-08,2026-07-14,0
2026-06-15,The Greyson,1,2104,Studio,0,1.0,414,2895.0,2654.0,net+derived_gross,UP TO 2 MONTHS FREE*,,,2,24,2026-06-08,2026-06-15,0
2026-07-01,The Greyson,1,2104,Studio,0,1.0,414,2895.0,2654.0,net+derived_gross,UP TO 2 MONTHS FREE*,,,2,24,2026-06-16,2026-07-01,0
2026-06-08,The Greyson,1,2113,Studio,0,1.0,,2864.0,2644.0,both,,,,2,24,2026-06-08,2026-06-08,0
2026-06-14,The Greyson,1,2201,Studio,0,1.0,392,2855.0,2617.0,net+derived_gross,UP TO 2 MONTHS FREE*,,,2,24,2026-06-14,2026-06-14,0
2026-06-23,The Greyson,1,2201,Studio,0,1.0,392,2855.0,2617.0,net+derived_gross,UP TO 2 MONTHS FREE*,,,2,24,2026-06-15,2026-06-23,0
2026-07-05,The Greyson,1,2213,Studio,0,1.0,470,3130.0,2869.0,net+derived_gross,UP TO 2 MONTHS FREE*,,,2,24,2026-07-03,2026-07-05,0
2026-07-20,The Greyson,1,2417,Studio,0,1.0,444,3150.0,2888.0,net+derived_gross,UP TO 2 MONTHS FREE*,,,2,24,2026-07-07,2026-07-20,1
2026-06-15,The Greyson,1,2520,Studio,0,1.0,428,3150.0,2888.0,net+derived_gross,UP TO 2 MONTHS FREE*,,,2,24,2026-06-08,2026-06-15,0
2026-06-17,The Greyson,1,2520,Studio,0,1.0,428,3150.0,2888.0,net+derived_gross,UP TO 2 MONTHS FREE*,,,2,24,2026-06-16,2026-06-17,0
2026-06-15,The Greyson,1,2624,Studio,0,1.0,470,3190.0,2924.0,net+derived_gross,UP TO 2 MONTHS FREE*,,,2,24,2026-06-08,2026-06-15,0
2026-07-20,The Greyson,1,2624,Studio,0,1.0,470,3190.0,2924.0,net+derived_gross,UP TO 2 MONTHS FREE*,,,2,24,2026-06-16,2026-07-20,1
2026-06-15,The Greyson,1,2722,Studio,0,1.0,415,2960.0,2713.0,net+derived_gross,UP TO 2 MONTHS FREE*,,,2,24,2026-06-14,2026-06-15,0
2026-06-23,The Greyson,1,2722,Studio,0,1.0,415,2960.0,2713.0,net+derived_gross,UP TO 2 MONTHS FREE*,,,2,24,2026-06-16,2026-06-23,0
2026-07-07,The Greyson,1,504,Studio,0,1.0,,2795.0,2562.0,net+derived_gross,UP TO 2 MONTHS FREE*,,,2,24,2026-07-03,2026-07-07,0
2026-07-20,The Greyson,1,513,Studio,0,1.0,,3021.0,2769.0,net+derived_gross,UP TO 2 MONTHS FREE*,,,2,24,2026-07-15,2026-07-20,1
2026-07-20,The Greyson,1,520,Studio,0,1.0,,3000.0,2750.0,net+derived_gross,UP TO 2 MONTHS FREE*,,,2,24,2026-07-03,2026-07-20,1
2026-07-02,The Greyson,1,824,Studio,0,1.0,,3117.0,2857.0,net+derived_gross,UP TO 2 MONTHS FREE*,,,2,24,2026-07-01,2026-07-02,0
2026-07-16,The Greyson,1,901,Studio,0,1.0,,2820.0,2585.0,net+derived_gross,UP TO 2 MONTHS FREE*,,,2,24,2026-07-15,2026-07-16,0
2026-07-20,The Hazel,1,208,1BR,1,1.0,,3783.0,,asking,,,,,,2026-07-20,2026-07-20,1
2026-07-20,The Hazel,1,302,1BR,1,1.0,,3786.0,,asking,,,,,,2026-07-20,2026-07-20,1
2026-07-20,The Hazel,1,345,1BR,1,1.0,,3609.0,,asking,,,,,,2026-07-20,2026-07-20,1
2026-07-20,The Hazel,1,430,1BR,1,1.0,,3338.0,,asking,,,,,,2026-07-20,2026-07-20,1
2026-07-20,The Hazel,1,501,1BR,1,1.0,,3574.0,,asking,,,,,,2026-07-20,2026-07-20,1
2026-07-20,The Hazel,1,502,1BR,1,1.0,,3748.0,,asking,,,,,,2026-07-20,2026-07-20,1
2026-07-20,The Hazel,1,534,1BR,1,1.0,,3889.0,,asking,,,,,,2026-07-20,2026-07-20,1
2026-07-20,The Hazel,1,602,1BR,1,1.0,,3834.0,,asking,,,,,,2026-07-20,2026-07-20,1
2026-07-20,The Hazel,1,630,1BR,1,1.0,,3448.0,,asking,,,,,,2026-07-20,2026-07-20,1
2026-07-20,The Hazel,1,635,1BR,1,1.0,,3348.0,,asking,,,,,,2026-07-20,2026-07-20,1
2026-07-20,The Hazel,1,307,2BR,2,2.0,,5253.0,,asking,,,,,,2026-07-20,2026-07-20,1
2026-07-20,The Hazel,1,419,2BR,2,2.0,,4090.0,,asking,,,,,,2026-07-20,2026-07-20,1
2026-07-20,The Hazel,1,507,2BR,2,2.0,,4467.0,,asking,,,,,,2026-07-20,2026-07-20,1
2026-07-20,The Hazel,1,607,2BR,2,2.0,,5465.0,,asking,,,,,,2026-07-20,2026-07-20,1
2026-07-20,The Hazel,1,241,Studio,0,1.0,,2930.0,,asking,,,,,,2026-07-20,2026-07-20,1
2026-07-20,The Hazel,1,304,Studio,0,1.0,,2499.0,,asking,,,,,,2026-07-20,2026-07-20,1
2026-07-20,The Hazel,1,341,Studio,0,1.0,,2960.0,,asking,,,,,,2026-07-20,2026-07-20,1
2026-07-20,The Hazel,1,421,Studio,0,1.0,,2541.0,,asking,,,,,,2026-07-20,2026-07-20,1
2026-07-20,The Hazel,1,423,Studio,0,1.0,,2696.0,,asking,,,,,,2026-07-20,2026-07-20,1
2026-07-20,The Hazel,1,541,Studio,0,1.0,,2999.0,,asking,,,,,,2026-07-20,2026-07-20,1
2026-06-08,The Journal,1,0305,1BR,1,1.0,811,3461.0,3115.0,both,,,,2,20,2026-06-08,2026-06-08,0
2026-07-13,The Journal,1,0305,1BR,1,1.0,811,3846.0,3461.0,net+derived_gross,UP TO 2 MONTHS FREE*,,,2,20,2026-06-11,2026-07-13,0
2026-07-20,The Journal,1,0405,1BR,1,1.0,855,3876.0,3488.0,net+derived_gross,UP TO 2 MONTHS FREE*,,,2,20,2026-06-28,2026-07-20,1
2026-06-08,The Journal,1,0416,1BR,1,1.0,690,3488.0,3139.0,both,,,,2,20,2026-06-08,2026-06-08,0
2026-07-20,The Journal,1,0416,1BR,1,1.0,690,3876.0,3488.0,net+derived_gross,UP TO 2 MONTHS FREE*,,,2,20,2026-06-11,2026-07-20,1
2026-07-03,The Journal,1,0513,1BR,1,1.0,895,4180.0,3762.0,net+derived_gross,UP TO 2 MONTHS FREE*,,,2,20,2026-06-11,2026-07-03,0
2026-06-25,The Journal,1,0516,1BR,1,1.0,690,3730.0,3357.0,net+derived_gross,UP TO 2 MONTHS FREE*,,,2,20,2026-06-23,2026-06-25,0
2026-06-08,The Journal,1,0707,1BR,1,1.0,954,3911.0,3520.0,both,,,,2,20,2026-06-08,2026-06-08,0
2026-07-14,The Journal,1,0707,1BR,1,1.0,954,4346.0,3911.0,net+derived_gross,UP TO 2 MONTHS FREE*,,,2,20,2026-06-11,2026-07-14,0
2026-07-13,The Journal,1,0913,1BR,1,1.0,696,3850.0,3465.0,net+derived_gross,UP TO 2 MONTHS FREE*,,,2,20,2026-07-02,2026-07-13,0
2026-07-20,The Journal,1,1005,1BR,1,1.0,855,4106.0,3695.0,net+derived_gross,UP TO 2 MONTHS FREE*,,,2,20,2026-06-11,2026-07-20,1
2026-07-19,The Journal,1,1017,1BR,1,1.0,831,4306.0,3875.0,net+derived_gross,UP TO 2 MONTHS FREE*,,,2,20,2026-06-21,2026-07-19,0
2026-06-08,The Journal,1,1305N,1BR,1,1.0,733,3645.0,3281.0,both,,,,2,20,2026-06-08,2026-06-08,0
2026-07-20,The Journal,1,1305N,1BR,1,1.0,733,4050.0,3645.0,net+derived_gross,UP TO 2 MONTHS FREE*,,,2,20,2026-06-11,2026-07-20,1
2026-06-21,The Journal,1,1309S,1BR,1,1.0,707,3750.0,3375.0,net+derived_gross,UP TO 2 MONTHS FREE*,,,2,20,2026-06-16,2026-06-21,0
2026-07-19,The Journal,1,1311S,1BR,1,1.0,731,3796.0,3416.0,net+derived_gross,UP TO 2 MONTHS FREE*,,,2,20,2026-06-16,2026-07-19,0
2026-06-08,The Journal,1,1312S,1BR,1,1.0,763,3600.0,3240.0,both,,,,2,20,2026-06-08,2026-06-08,0
2026-06-28,The Journal,1,1312S,1BR,1,1.0,763,4000.0,3600.0,net+derived_gross,UP TO 2 MONTHS FREE*,,,2,20,2026-06-11,2026-06-28,0
2026-06-08,The Journal,1,1313N,1BR,1,1.0,616,3393.0,3054.0,both,,,,2,20,2026-06-08,2026-06-08,0
2026-06-16,The Journal,1,1313N,1BR,1,1.0,616,3770.0,3393.0,net+derived_gross,UP TO 2 MONTHS FREE*,,,2,20,2026-06-11,2026-06-16,0
2026-07-19,The Journal,1,1313S,1BR,1,1.0,616,3766.0,3389.0,net+derived_gross,UP TO 2 MONTHS FREE*,,,2,20,2026-06-23,2026-07-19,0
2026-06-08,The Journal,1,1409N,1BR,1,1.0,736,3353.0,3018.0,both,,,,2,20,2026-06-08,2026-06-08,0
2026-06-13,The Journal,1,1409S,1BR,1,1.0,700,3756.0,3380.0,net+derived_gross,UP TO 2 MONTHS FREE*,,,2,20,2026-06-11,2026-06-13,0
2026-06-08,The Journal,1,1411S,1BR,1,1.0,733,3416.0,3074.0,both,,,,2,20,2026-06-08,2026-06-08,0
2026-06-27,The Journal,1,1411S,1BR,1,1.0,733,3796.0,3416.0,net+derived_gross,UP TO 2 MONTHS FREE*,,,2,20,2026-06-11,2026-06-27,0
2026-06-08,The Journal,1,1413S,1BR,1,1.0,616,3371.0,3034.0,both,,,,2,20,2026-06-08,2026-06-08,0
2026-06-16,The Journal,1,1413S,1BR,1,1.0,616,3746.0,3371.0,net+derived_gross,UP TO 2 MONTHS FREE*,,,2,20,2026-06-11,2026-06-16,0
2026-07-11,The Journal,1,1510S,1BR,1,1.0,650,3716.0,3344.0,net+derived_gross,UP TO 2 MONTHS FREE*,,,2,20,2026-06-11,2026-07-11,0
2026-07-13,The Journal,1,1602N,1BR,1,1.0,730,3986.0,3587.0,net+derived_gross,UP TO 2 MONTHS FREE*,,,2,20,2026-06-26,2026-07-13,0
2026-06-08,The Journal,1,1611N,1BR,1,1.0,733,3452.0,3107.0,both,,,,2,20,2026-06-08,2026-06-08,0
2026-06-14,The Journal,1,1611N,1BR,1,1.0,733,3836.0,3452.0,net+derived_gross,UP TO 2 MONTHS FREE*,,,2,20,2026-06-11,2026-06-14,0
2026-06-08,The Journal,1,1611S,1BR,1,1.0,750,3416.0,3074.0,both,,,,2,20,2026-06-08,2026-06-08,0
2026-06-21,The Journal,1,1612N,1BR,1,1.0,763,3986.0,3587.0,net+derived_gross,UP TO 2 MONTHS FREE*,,,2,20,2026-06-16,2026-06-21,0
2026-07-20,The Journal,1,1701S,1BR,1,1.0,837,4150.0,3735.0,net+derived_gross,UP TO 2 MONTHS FREE*,,,2,20,2026-06-16,2026-07-20,1
2026-07-20,The Journal,1,1702S,1BR,1,1.0,730,4026.0,3623.0,net+derived_gross,UP TO 2 MONTHS FREE*,,,2,20,2026-06-11,2026-07-20,1
2026-06-08,The Journal,1,1706S,1BR,1,1.0,660,3713.0,3342.0,both,,,,2,20,2026-06-08,2026-06-08,0
2026-07-20,The Journal,1,1706S,1BR,1,1.0,660,4126.0,3713.0,net+derived_gross,UP TO 2 MONTHS FREE*,,,2,20,2026-06-11,2026-07-20,1
2026-06-08,The Journal,1,1801S,1BR,1,1.0,843,3735.0,3362.0,both,,,,2,20,2026-06-08,2026-06-08,0
2026-06-27,The Journal,1,1801S,1BR,1,1.0,843,4150.0,3735.0,net+derived_gross,UP TO 2 MONTHS FREE*,,,2,20,2026-06-18,2026-06-27,0
2026-06-08,The Journal,1,1805S,1BR,1,1.0,727,4073.0,3666.0,both,,,,2,20,2026-06-08,2026-06-08,0
2026-07-14,The Journal,1,1805S,1BR,1,1.0,727,4526.0,4073.0,net+derived_gross,UP TO 2 MONTHS FREE*,,,2,20,2026-06-11,2026-07-14,0
2026-07-20,The Journal,1,1901N,1BR,1,1.0,843,4026.0,3623.0,net+derived_gross,UP TO 2 MONTHS FREE*,,,2,20,2026-06-23,2026-07-20,1
2026-07-06,The Journal,1,1912S,1BR,1,1.0,763,4096.0,3686.0,net+derived_gross,UP TO 2 MONTHS FREE*,,,2,20,2026-07-01,2026-07-06,0
2026-06-08,The Journal,1,2013N,1BR,1,1.0,616,3416.0,3074.0,both,,,,2,20,2026-06-08,2026-06-08,0
2026-07-16,The Journal,1,2105S,1BR,1,1.0,727,4526.0,4073.0,net+derived_gross,UP TO 2 MONTHS FREE*,,,2,20,2026-07-16,2026-07-16,0
2026-06-08,The Journal,1,2106N,1BR,1,1.0,660,3416.0,3074.0,both,,,,2,20,2026-06-08,2026-06-08,0
2026-06-27,The Journal,1,2106N,1BR,1,1.0,660,3796.0,3416.0,net+derived_gross,UP TO 2 MONTHS FREE*,,,2,20,2026-06-11,2026-06-27,0
2026-07-10,The Journal,1,2109S,1BR,1,1.0,707,3790.0,3411.0,net+derived_gross,UP TO 2 MONTHS FREE*,,,2,20,2026-07-01,2026-07-10,0
2026-06-08,The Journal,1,2202N,1BR,1,1.0,730,3641.0,3277.0,both,,,,2,20,2026-06-08,2026-06-08,0
2026-06-11,The Journal,1,2202N,1BR,1,1.0,730,4046.0,3641.0,net+derived_gross,UP TO 2 MONTHS FREE*,,,2,20,2026-06-11,2026-06-11,0
2026-06-26,The Journal,1,2209S,1BR,1,1.0,707,3796.0,3416.0,net+derived_gross,UP TO 2 MONTHS FREE*,,,2,20,2026-06-23,2026-06-26,0
2026-06-27,The Journal,1,2211N,1BR,1,1.0,733,3816.0,3434.0,net+derived_gross,UP TO 2 MONTHS FREE*,,,2,20,2026-06-15,2026-06-27,0
2026-06-23,The Journal,1,2211S,1BR,1,1.0,733,3746.0,3371.0,net+derived_gross,UP TO 2 MONTHS FREE*,,,2,20,2026-06-23,2026-06-23,0
2026-06-27,The Journal,1,2212N,1BR,1,1.0,763,3816.0,3434.0,net+derived_gross,UP TO 2 MONTHS FREE*,,,2,20,2026-06-15,2026-06-27,0
2026-07-15,The Journal,1,2309N,1BR,1,1.0,707,3820.0,3438.0,net+derived_gross,UP TO 2 MONTHS FREE*,,,2,20,2026-06-16,2026-07-15,0
2026-06-08,The Journal,1,2309S,1BR,1,1.0,707,3420.0,3078.0,both,,,,2,20,2026-06-08,2026-06-08,0
2026-06-17,The Journal,1,2309S,1BR,1,1.0,707,3800.0,3420.0,net+derived_gross,UP TO 2 MONTHS FREE*,,,2,20,2026-06-11,2026-06-17,0
2026-07-05,The Journal,1,2402N,1BR,1,1.0,730,4026.0,3623.0,net+derived_gross,UP TO 2 MONTHS FREE*,,,2,20,2026-06-23,2026-07-05,0
2026-06-08,The Journal,1,2405N,1BR,1,1.0,727,3686.0,3317.0,both,,,,2,20,2026-06-08,2026-06-08,0
2026-06-22,The Journal,1,2405N,1BR,1,1.0,727,4196.0,3776.0,net+derived_gross,UP TO 2 MONTHS FREE*,,,2,20,2026-06-11,2026-06-22,0
2026-06-27,The Journal,1,2502N,1BR,1,1.0,730,3996.0,3596.0,net+derived_gross,UP TO 2 MONTHS FREE*,,,2,20,2026-06-26,2026-06-27,0
2026-07-20,The Journal,1,2506S,1BR,1,1.0,660,4196.0,3776.0,net+derived_gross,UP TO 2 MONTHS FREE*,,,2,20,2026-06-11,2026-07-20,1
2026-07-14,The Journal,1,2511S,1BR,1,1.0,741,3906.0,3515.0,net+derived_gross,UP TO 2 MONTHS FREE*,,,2,20,2026-07-01,2026-07-14,0
2026-07-16,The Journal,1,2602N,1BR,1,1.0,730,3986.0,3587.0,net+derived_gross,UP TO 2 MONTHS FREE*,,,2,20,2026-07-10,2026-07-16,0
2026-06-27,The Journal,1,2605N,1BR,1,1.0,727,4066.0,3659.0,net+derived_gross,UP TO 2 MONTHS FREE*,,,2,20,2026-06-22,2026-06-27,0
2026-06-28,The Journal,1,2611N,1BR,1,1.0,741,3586.0,3227.0,net+derived_gross,UP TO 2 MONTHS FREE*,,,2,20,2026-06-15,2026-06-28,0
2026-06-08,The Journal,1,2612N,1BR,1,1.0,763,3587.0,3228.0,both,,,,2,20,2026-06-08,2026-06-08,0
2026-07-10,The Journal,1,2612N,1BR,1,1.0,763,4086.0,3677.0,net+derived_gross,UP TO 2 MONTHS FREE*,,,2,20,2026-07-01,2026-07-10,0
2026-06-27,The Journal,1,2706N,1BR,1,1.0,660,3836.0,3452.0,net+derived_gross,UP TO 2 MONTHS FREE*,,,2,20,2026-06-16,2026-06-27,0
2026-06-27,The Journal,1,2709N,1BR,1,1.0,711,3640.0,3276.0,net+derived_gross,UP TO 2 MONTHS FREE*,,,2,20,2026-06-15,2026-06-27,0
2026-07-20,The Journal,1,2805N,1BR,1,1.0,727,4196.0,3776.0,net+derived_gross,UP TO 2 MONTHS FREE*,,,2,20,2026-07-01,2026-07-20,1
2026-07-20,The Journal,1,2809N,1BR,1,1.0,711,3596.0,3236.0,net+derived_gross,UP TO 2 MONTHS FREE*,,,2,20,2026-07-20,2026-07-20,1
2026-07-07,The Journal,1,2810N,1BR,1,1.0,663,3496.0,3146.0,net+derived_gross,UP TO 2 MONTHS FREE*,,,2,20,2026-07-06,2026-07-07,0
2026-06-08,The Journal,1,2810S,1BR,1,1.0,663,3398.0,3058.0,both,,,,2,20,2026-06-08,2026-06-08,0
2026-07-17,The Journal,1,2810S,1BR,1,1.0,663,3776.0,3398.0,net+derived_gross,UP TO 2 MONTHS FREE*,,,2,20,2026-06-11,2026-07-17,0
2026-06-28,The Journal,1,2906N,1BR,1,1.0,660,3700.0,3330.0,net+derived_gross,UP TO 2 MONTHS FREE*,,,2,20,2026-06-15,2026-06-28,0
2026-06-08,The Journal,1,2911S,1BR,1,1.0,750,3461.0,3115.0,both,,,,2,20,2026-06-08,2026-06-08,0
2026-06-08,The Journal,1,3009N,1BR,1,1.0,736,3398.0,3058.0,both,,,,2,20,2026-06-08,2026-06-08,0
2026-07-20,The Journal,1,3009S,1BR,1,1.0,711,3836.0,3452.0,net+derived_gross,UP TO 2 MONTHS FREE*,,,2,20,2026-07-14,2026-07-20,1
2026-07-07,The Journal,1,3011N,1BR,1,1.0,741,3706.0,3335.0,net+derived_gross,UP TO 2 MONTHS FREE*,,,2,20,2026-07-01,2026-07-07,0
2026-06-08,The Journal,1,3012N,1BR,1,1.0,763,3758.0,3382.0,both,,,,2,20,2026-06-08,2026-06-08,0
2026-06-24,The Journal,1,3012N,1BR,1,1.0,763,4176.0,3758.0,net+derived_gross,UP TO 2 MONTHS FREE*,,,2,20,2026-06-11,2026-06-24,0
2026-07-19,The Journal,1,3105N,1BR,1,1.0,727,4296.0,3866.0,net+derived_gross,UP TO 2 MONTHS FREE*,,,2,20,2026-06-11,2026-07-19,0
2026-07-09,The Journal,1,3109S,1BR,1,1.0,711,3840.0,3456.0,net+derived_gross,UP TO 2 MONTHS FREE*,,,2,20,2026-07-01,2026-07-09,0
2026-06-27,The Journal,1,3209S,1BR,1,1.0,711,3846.0,3461.0,net+derived_gross,UP TO 2 MONTHS FREE*,,,2,20,2026-06-23,2026-06-27,0
2026-07-20,The Journal,1,3301S,1BR,1,1.0,851,4196.0,3776.0,net+derived_gross,UP TO 2 MONTHS FREE*,,,2,20,2026-07-09,2026-07-20,1
2026-07-09,The Journal,1,3305S,1BR,1,1.0,727,4850.0,4365.0,net+derived_gross,UP TO 2 MONTHS FREE*,,,2,20,2026-07-09,2026-07-09,0
2026-06-08,The Journal,1,3309S,1BR,1,1.0,711,3465.0,3119.0,both,,,,2,20,2026-06-08,2026-06-08,0
2026-07-13,The Journal,1,3309S,1BR,1,1.0,711,3850.0,3465.0,net+derived_gross,UP TO 2 MONTHS FREE*,,,2,20,2026-06-11,2026-07-13,0
2026-07-10,The Journal,1,3313N,1BR,1,1.0,616,3870.0,3483.0,net+derived_gross,UP TO 2 MONTHS FREE*,,,2,20,2026-07-01,2026-07-10,0
2026-06-16,The Journal,1,3406S,1BR,1,1.0,660,4000.0,3600.0,net+derived_gross,UP TO 2 MONTHS FREE*,,,2,20,2026-06-16,2026-06-16,0
2026-07-05,The Journal,1,3501S,1BR,1,1.0,882,4216.0,3794.0,net+derived_gross,UP TO 2 MONTHS FREE*,,,2,20,2026-06-23,2026-07-05,0
2026-06-29,The Journal,1,3513S,1BR,1,1.0,616,3776.0,3398.0,net+derived_gross,UP TO 2 MONTHS FREE*,,,2,20,2026-06-29,2026-06-29,0
2026-07-16,The Journal,1,3601N,1BR,1,1.0,872,4120.0,3708.0,net+derived_gross,UP TO 2 MONTHS FREE*,,,2,20,2026-07-09,2026-07-16,0
2026-06-08,The Journal,1,3601S,1BR,1,1.0,925,3776.0,3398.0,both,,,,2,20,2026-06-08,2026-06-08,0
2026-07-07,The Journal,1,3605N,1BR,1,1.0,727,4020.0,3618.0,net+derived_gross,UP TO 2 MONTHS FREE*,,,2,20,2026-07-07,2026-07-07,0
2026-07-13,The Journal,1,3711N,1BR,1,1.0,750,3926.0,3533.0,net+derived_gross,UP TO 2 MONTHS FREE*,,,2,20,2026-06-11,2026-07-13,0
2026-06-08,The Journal,1,3712S,1BR,1,1.0,762,3767.0,3390.0,both,,,,2,20,2026-06-08,2026-06-08,0
2026-07-20,The Journal,1,3712S,1BR,1,1.0,762,4186.0,3767.0,net+derived_gross,UP TO 2 MONTHS FREE*,,,2,20,2026-06-11,2026-07-20,1
2026-07-20,The Journal,1,3802N,1BR,1,1.0,730,4126.0,3713.0,net+derived_gross,UP TO 2 MONTHS FREE*,,,2,20,2026-06-16,2026-07-20,1
2026-06-08,The Journal,1,3811S,1BR,1,1.0,750,3519.0,3167.0,both,,,,2,20,2026-06-08,2026-06-08,0
2026-07-15,The Journal,1,3811S,1BR,1,1.0,750,3910.0,3519.0,net+derived_gross,UP TO 2 MONTHS FREE*,,,2,20,2026-06-11,2026-07-15,0
2026-06-08,The Journal,1,3901N,1BR,1,1.0,870,3776.0,3398.0,both,,,,2,20,2026-06-08,2026-06-08,0
2026-06-29,The Journal,1,3902S,1BR,1,1.0,730,4086.0,3677.0,net+derived_gross,UP TO 2 MONTHS FREE*,,,2,20,2026-06-11,2026-06-29,0
2026-06-08,The Journal,1,3910S,1BR,1,1.0,675,3416.0,3074.0,both,,,,2,20,2026-06-08,2026-06-08,0
2026-07-12,The Journal,1,3910S,1BR,1,1.0,675,3796.0,3416.0,net+derived_gross,UP TO 2 MONTHS FREE*,,,2,20,2026-06-11,2026-07-12,0
2026-07-13,The Journal,1,3911N,1BR,1,1.0,750,3650.0,3285.0,net+derived_gross,UP TO 2 MONTHS FREE*,,,2,20,2026-07-08,2026-07-13,0
2026-06-29,The Journal,1,3913N,1BR,1,1.0,617,3816.0,3434.0,net+derived_gross,UP TO 2 MONTHS FREE*,,,2,20,2026-06-23,2026-06-29,0
2026-06-08,The Journal,1,4001N,1BR,1,1.0,870,3839.0,3455.0,both,,,,2,20,2026-06-08,2026-06-08,0
2026-07-20,The Journal,1,4001N,1BR,1,1.0,870,4266.0,3839.0,net+derived_gross,UP TO 2 MONTHS FREE*,,,2,20,2026-06-11,2026-07-20,1
2026-07-20,The Journal,1,4006N,1BR,1,1.0,660,3866.0,3479.0,net+derived_gross,UP TO 2 MONTHS FREE*,,,2,20,2026-07-09,2026-07-20,1
2026-07-11,The Journal,1,4009N,1BR,1,1.0,720,3666.0,3299.0,net+derived_gross,UP TO 2 MONTHS FREE*,,,2,20,2026-07-09,2026-07-11,0
2026-07-09,The Journal,1,4106N,1BR,1,1.0,660,3866.0,3479.0,net+derived_gross,UP TO 2 MONTHS FREE*,,,2,20,2026-07-09,2026-07-09,0
2026-06-08,The Journal,1,4110N,1BR,1,1.0,675,3434.0,3091.0,both,,,,2,20,2026-06-08,2026-06-08,0
2026-07-20,The Journal,1,4110N,1BR,1,1.0,675,3816.0,3434.0,net+derived_gross,UP TO 2 MONTHS FREE*,,,2,20,2026-07-01,2026-07-20,1
2026-06-29,The Journal,1,4111S,1BR,1,1.0,750,3876.0,3488.0,net+derived_gross,UP TO 2 MONTHS FREE*,,,2,20,2026-06-29,2026-06-29,0
2026-06-27,The Journal,1,4209N,1BR,1,1.0,720,3876.0,3488.0,net+derived_gross,UP TO 2 MONTHS FREE*,,,2,20,2026-06-23,2026-06-27,0
2026-06-27,The Journal,1,4211N,1BR,1,1.0,750,3766.0,3389.0,net+derived_gross,UP TO 2 MONTHS FREE*,,,2,20,2026-06-23,2026-06-27,0
2026-06-08,The Journal,1,4306N,1BR,1,1.0,660,3501.0,3151.0,both,,,,2,20,2026-06-08,2026-06-08,0
2026-06-18,The Journal,1,4306N,1BR,1,1.0,660,3890.0,3501.0,net+derived_gross,UP TO 2 MONTHS FREE*,,,2,20,2026-06-11,2026-06-18,0
2026-06-08,The Journal,1,4309S,1BR,1,1.0,720,3510.0,3159.0,both,,,,2,20,2026-06-08,2026-06-08,0
2026-07-20,The Journal,1,4309S,1BR,1,1.0,720,3900.0,3510.0,net+derived_gross,UP TO 2 MONTHS FREE*,,,2,20,2026-06-11,2026-07-20,1
2026-06-08,The Journal,1,4402N,1BR,1,1.0,763,3713.0,3342.0,both,,,,2,20,2026-06-08,2026-06-08,0
2026-07-03,The Journal,1,4402N,1BR,1,1.0,763,4126.0,3713.0,net+derived_gross,UP TO 2 MONTHS FREE*,,,2,20,2026-06-11,2026-07-03,0
2026-06-08,The Journal,1,4404N,1BR,1,1.0,722,3866.0,3479.0,both,,,,2,20,2026-06-08,2026-06-08,0
2026-07-20,The Journal,1,4404N,1BR,1,1.0,722,4296.0,3866.0,net+derived_gross,UP TO 2 MONTHS FREE*,,,2,20,2026-06-11,2026-07-20,1
2026-07-20,The Journal,1,4406S,1BR,1,1.0,658,4326.0,3893.0,net+derived_gross,UP TO 2 MONTHS FREE*,,,2,20,2026-07-01,2026-07-20,1
2026-07-13,The Journal,1,4502N,1BR,1,1.0,733,4040.0,3636.0,net+derived_gross,UP TO 2 MONTHS FREE*,,,2,20,2026-07-08,2026-07-13,0
2026-07-20,The Journal,1,4505N,1BR,1,1.0,727,4296.0,3866.0,net+derived_gross,UP TO 2 MONTHS FREE*,,,2,20,2026-07-01,2026-07-20,1
2026-07-20,The Journal,1,4505S,1BR,1,1.0,727,4986.0,4487.0,net+derived_gross,UP TO 2 MONTHS FREE*,,,2,20,2026-06-11,2026-07-20,1
2026-06-08,The Journal,1,4601S,1BR,1,1.0,870,3839.0,3455.0,both,,,,2,20,2026-06-08,2026-06-08,0
2026-07-16,The Journal,1,4601S,1BR,1,1.0,870,4266.0,3839.0,net+derived_gross,UP TO 2 MONTHS FREE*,,,2,20,2026-06-11,2026-07-16,0
2026-07-13,The Journal,1,4606S,1BR,1,1.0,660,4326.0,3893.0,net+derived_gross,UP TO 2 MONTHS FREE*,,,2,20,2026-07-08,2026-07-13,0
2026-06-20,The Journal,1,4612N,1BR,1,1.0,762,4190.0,3771.0,net+derived_gross,UP TO 2 MONTHS FREE*,,,2,20,2026-06-12,2026-06-20,0
2026-07-08,The Journal,1,4613S,1BR,1,1.0,617,3796.0,3416.0,net+derived_gross,UP TO 2 MONTHS FREE*,,,2,20,2026-07-01,2026-07-08,0
2026-07-07,The Journal,1,4701N,1BR,1,1.0,870,3996.0,3596.0,net+derived_gross,UP TO 2 MONTHS FREE*,,,2,20,2026-06-29,2026-07-07,0
2026-06-08,The Journal,1,4706S,1BR,1,1.0,660,3866.0,3479.0,both,,,,2,20,2026-06-08,2026-06-08,0
2026-06-15,The Journal,1,4706S,1BR,1,1.0,660,4296.0,3866.0,net+derived_gross,UP TO 2 MONTHS FREE*,,,2,20,2026-06-11,2026-06-15,0
2026-07-07,The Journal,1,4709N,1BR,1,1.0,720,3716.0,3344.0,net+derived_gross,UP TO 2 MONTHS FREE*,,,2,20,2026-07-02,2026-07-07,0
2026-07-07,The Journal,1,4713S,1BR,1,1.0,617,3796.0,3416.0,net+derived_gross,UP TO 2 MONTHS FREE*,,,2,20,2026-06-23,2026-07-07,0
2026-06-08,The Journal,1,4806S,1BR,1,1.0,660,4208.0,3787.0,both,,,,2,20,2026-06-08,2026-06-08,0
2026-07-12,The Journal,1,4813N,1BR,1,1.0,617,3866.0,3479.0,net+derived_gross,UP TO 2 MONTHS FREE*,,,2,20,2026-07-01,2026-07-12,0
2026-06-08,The Journal,1,4813S,1BR,1,1.0,617,3416.0,3074.0,both,,,,2,20,2026-06-08,2026-06-08,0
2026-06-14,The Journal,1,4813S,1BR,1,1.0,617,3796.0,3416.0,net+derived_gross,UP TO 2 MONTHS FREE*,,,2,20,2026-06-11,2026-06-14,0
2026-07-13,The Journal,1,4902S,1BR,1,1.0,733,4116.0,3704.0,net+derived_gross,UP TO 2 MONTHS FREE*,,,2,20,2026-06-11,2026-07-13,0
2026-06-29,The Journal,1,4906N,1BR,1,1.0,660,3916.0,3524.0,net+derived_gross,UP TO 2 MONTHS FREE*,,,2,20,2026-06-23,2026-06-29,0
2026-06-08,The Journal,1,4906S,1BR,1,1.0,660,3866.0,3479.0,both,,,,2,20,2026-06-08,2026-06-08,0
2026-06-08,The Journal,1,4913S,1BR,1,1.0,617,3416.0,3074.0,both,,,,2,20,2026-06-08,2026-06-08,0
2026-07-17,The Journal,1,5002N,1BR,1,1.0,733,4166.0,3749.0,net+derived_gross,UP TO 2 MONTHS FREE*,,,2,20,2026-07-09,2026-07-17,0
2026-06-08,The Journal,1,5006N,1BR,1,1.0,660,3524.0,3172.0,both,,,,2,20,2026-06-08,2026-06-08,0
2026-06-08,The Journal,1,5011S,1BR,1,1.0,750,3542.0,3188.0,both,,,,2,20,2026-06-08,2026-06-08,0
2026-07-09,The Journal,1,5011S,1BR,1,1.0,750,3936.0,3542.0,net+derived_gross,UP TO 2 MONTHS FREE*,,,2,20,2026-06-11,2026-07-09,0
2026-06-08,The Journal,1,5109N,1BR,1,1.0,720,3479.0,3131.0,both,,,,2,20,2026-06-08,2026-06-08,0
2026-06-21,The Journal,1,5109N,1BR,1,1.0,720,3866.0,3479.0,net+derived_gross,UP TO 2 MONTHS FREE*,,,2,20,2026-06-16,2026-06-21,0
2026-07-20,The Journal,1,5112S,1BR,1,1.0,762,4206.0,3785.0,net+derived_gross,UP TO 2 MONTHS FREE*,,,2,20,2026-07-01,2026-07-20,1
2026-06-08,The Journal,1,5206N,1BR,1,1.0,660,3524.0,3172.0,both,,,,2,20,2026-06-08,2026-06-08,0
2026-06-11,The Journal,1,5206N,1BR,1,1.0,660,3916.0,3524.0,net+derived_gross,UP TO 2 MONTHS FREE*,,,2,20,2026-06-11,2026-06-11,0
2026-06-08,The Journal,1,5209N,1BR,1,1.0,720,3479.0,3131.0,both,,,,2,20,2026-06-08,2026-06-08,0
2026-06-16,The Journal,1,5209N,1BR,1,1.0,720,3866.0,3479.0,net+derived_gross,UP TO 2 MONTHS FREE*,,,2,20,2026-06-11,2026-06-16,0
2026-06-08,The Journal,1,5212S,1BR,1,1.0,762,3785.0,3407.0,both,,,,2,20,2026-06-08,2026-06-08,0
2026-06-26,The Journal,1,5212S,1BR,1,1.0,762,4206.0,3785.0,net+derived_gross,UP TO 2 MONTHS FREE*,,,2,20,2026-06-11,2026-06-26,0
2026-07-02,The Journal,1,5309N,1BR,1,1.0,720,3840.0,3456.0,net+derived_gross,UP TO 2 MONTHS FREE*,,,2,20,2026-06-24,2026-07-02,0
2026-07-20,The Journal,1,5309S,1BR,1,1.0,720,3950.0,3555.0,net+derived_gross,UP TO 2 MONTHS FREE*,,,2,20,2026-07-09,2026-07-20,1
2026-06-08,The Journal,1,5310S,1BR,1,1.0,675,3443.0,3099.0,both,,,,2,20,2026-06-08,2026-06-08,0
2026-07-20,The Journal,1,5310S,1BR,1,1.0,675,3826.0,3443.0,net+derived_gross,UP TO 2 MONTHS FREE*,,,2,20,2026-06-11,2026-07-20,1
2026-06-27,The Journal,1,5312N,1BR,1,1.0,763,4040.0,3636.0,net+derived_gross,UP TO 2 MONTHS FREE*,,,2,20,2026-06-18,2026-06-27,0
2026-06-08,The Journal,1,5401N,1BR,1,1.0,870,3956.0,3560.0,both,,,,2,20,2026-06-08,2026-06-08,0
2026-07-05,The Journal,1,5401N,1BR,1,1.0,870,4396.0,3956.0,net+derived_gross,UP TO 2 MONTHS FREE*,,,2,20,2026-06-11,2026-07-05,0
2026-07-20,The Journal,1,5405S,1BR,1,1.0,727,5196.0,4676.0,net+derived_gross,UP TO 2 MONTHS FREE*,,,2,20,2026-07-01,2026-07-20,1
2026-07-20,The Journal,1,5410N,1BR,1,1.0,675,3826.0,3443.0,net+derived_gross,UP TO 2 MONTHS FREE*,,,2,20,2026-07-01,2026-07-20,1
2026-06-08,The Journal,1,5501S,1BR,1,1.0,925,3929.0,3536.0,both,,,,2,20,2026-06-08,2026-06-08,0
2026-06-25,The Journal,1,5501S,1BR,1,1.0,925,4366.0,3929.0,net+derived_gross,UP TO 2 MONTHS FREE*,,,2,20,2026-06-11,2026-06-25,0
2026-06-08,The Journal,1,5505N,1BR,1,1.0,727,3956.0,3560.0,both,,,,2,20,2026-06-08,2026-06-08,0
2026-06-20,The Journal,1,5505N,1BR,1,1.0,727,4396.0,3956.0,net+derived_gross,UP TO 2 MONTHS FREE*,,,2,20,2026-06-11,2026-06-20,0
2026-06-28,The Journal,1,5505S,1BR,1,1.0,727,5096.0,4586.0,net+derived_gross,UP TO 2 MONTHS FREE*,,,2,20,2026-06-16,2026-06-28,0
2026-06-08,The Journal,1,5506N,1BR,1,1.0,660,3546.0,3191.0,both,,,,2,20,2026-06-08,2026-06-08,0
2026-07-07,The Journal,1,5510N,1BR,1,1.0,687,3796.0,3416.0,net+derived_gross,UP TO 2 MONTHS FREE*,,,2,20,2026-06-11,2026-07-07,0
2026-06-08,The Journal,1,5602N,1BR,1,1.0,733,3758.0,3382.0,both,,,,2,20,2026-06-08,2026-06-08,0
2026-07-16,The Journal,1,5602N,1BR,1,1.0,733,4176.0,3758.0,net+derived_gross,UP TO 2 MONTHS FREE*,,,2,20,2026-06-11,2026-07-16,0
2026-07-20,The Journal,1,5611N,1BR,1,1.0,758,3826.0,3443.0,net+derived_gross,UP TO 2 MONTHS FREE*,,,2,20,2026-07-18,2026-07-20,1
2026-07-13,The Journal,1,5713S,1BR,1,1.0,617,3826.0,3443.0,net+derived_gross,UP TO 2 MONTHS FREE*,,,2,20,2026-07-01,2026-07-13,0
2026-07-20,The Journal,1,5802S,1BR,1,1.0,733,4126.0,3713.0,net+derived_gross,UP TO 2 MONTHS FREE*,,,2,20,2026-07-09,2026-07-20,1
2026-07-20,The Journal,1,5806S,1BR,1,1.0,660,4396.0,3956.0,net+derived_gross,UP TO 2 MONTHS FREE*,,,2,20,2026-06-16,2026-07-20,1
2026-06-23,The Journal,1,5813S,1BR,1,1.0,617,3826.0,3443.0,net+derived_gross,UP TO 2 MONTHS FREE*,,,2,20,2026-06-11,2026-06-23,0
2026-07-13,The Journal,1,5901N,1BR,1,1.0,925,4196.0,3776.0,net+derived_gross,UP TO 2 MONTHS FREE*,,,2,20,2026-07-08,2026-07-13,0
2026-07-01,The Journal,1,5902S,1BR,1,1.0,733,4130.0,3717.0,net+derived_gross,UP TO 2 MONTHS FREE*,,,2,20,2026-06-11,2026-07-01,0
2026-06-08,The Journal,1,5906N,1BR,1,1.0,660,3569.0,3212.0,both,,,,2,20,2026-06-08,2026-06-08,0
2026-06-27,The Journal,1,5906N,1BR,1,1.0,660,3966.0,3569.0,net+derived_gross,UP TO 2 MONTHS FREE*,,,2,20,2026-06-11,2026-06-27,0
2026-06-08,The Journal,1,5906S,1BR,1,1.0,660,3956.0,3560.0,both,,,,2,20,2026-06-08,2026-06-08,0
2026-07-07,The Journal,1,5906S,1BR,1,1.0,660,4396.0,3956.0,net+derived_gross,UP TO 2 MONTHS FREE*,,,2,20,2026-06-11,2026-07-07,0
2026-07-07,The Journal,1,5911N,1BR,1,1.0,758,3996.0,3596.0,net+derived_gross,UP TO 2 MONTHS FREE*,,,2,20,2026-06-11,2026-07-07,0
2026-07-14,The Journal,1,5911S,1BR,1,1.0,758,3956.0,3560.0,net+derived_gross,UP TO 2 MONTHS FREE*,,,2,20,2026-07-09,2026-07-14,0
2026-06-27,The Journal,1,6009N,1BR,1,1.0,736,3896.0,3506.0,net+derived_gross,UP TO 2 MONTHS FREE*,,,2,20,2026-06-25,2026-06-27,0
2026-06-08,The Journal,1,6009S,1BR,1,1.0,736,3587.0,3228.0,both,,,,2,20,2026-06-08,2026-06-08,0
2026-07-20,The Journal,1,6009S,1BR,1,1.0,736,3986.0,3587.0,net+derived_gross,UP TO 2 MONTHS FREE*,,,2,20,2026-06-11,2026-07-20,1
2026-06-08,The Journal,1,6010S,1BR,1,1.0,687,3474.0,3127.0,both,,,,2,20,2026-06-08,2026-06-08,0
2026-07-20,The Journal,1,6010S,1BR,1,1.0,687,3860.0,3474.0,net+derived_gross,UP TO 2 MONTHS FREE*,,,2,20,2026-06-11,2026-07-20,1
2026-06-08,The Journal,1,6011S,1BR,1,1.0,758,3560.0,3204.0,both,,,,2,20,2026-06-08,2026-06-08,0
2026-07-03,The Journal,1,6011S,1BR,1,1.0,758,3956.0,3560.0,net+derived_gross,UP TO 2 MONTHS FREE*,,,2,20,2026-06-11,2026-07-03,0
2026-07-14,The Journal,1,6012S,1BR,1,1.0,762,4236.0,3812.0,net+derived_gross,UP TO 2 MONTHS FREE*,,,2,20,2026-06-11,2026-07-14,0
2026-06-08,The Journal,1,6101S,1BR,1,1.0,925,3983.0,3585.0,both,,,,2,20,2026-06-08,2026-06-08,0
2026-06-30,The Journal,1,6101S,1BR,1,1.0,925,4426.0,3983.0,net+derived_gross,UP TO 2 MONTHS FREE*,,,2,20,2026-06-11,2026-06-30,0
2026-06-11,The Journal,1,6105S,1BR,1,1.0,727,5096.0,4586.0,net+derived_gross,UP TO 2 MONTHS FREE*,,,2,20,2026-06-11,2026-06-11,0
2026-06-08,The Journal,1,6109N,1BR,1,1.0,736,3533.0,3180.0,both,,,,2,20,2026-06-08,2026-06-08,0
2026-07-07,The Journal,1,6109N,1BR,1,1.0,736,3926.0,3533.0,net+derived_gross,UP TO 2 MONTHS FREE*,,,2,20,2026-06-11,2026-07-07,0
2026-07-13,The Journal,1,6201S,1BR,1,1.0,925,4326.0,3893.0,net+derived_gross,UP TO 2 MONTHS FREE*,,,2,20,2026-07-09,2026-07-13,0
2026-06-08,The Journal,1,6210N,1BR,1,1.0,687,3479.0,3131.0,both,,,,2,20,2026-06-08,2026-06-08,0
2026-07-20,The Journal,1,6210N,1BR,1,1.0,687,3866.0,3479.0,net+derived_gross,UP TO 2 MONTHS FREE*,,,2,20,2026-06-11,2026-07-20,1
2026-07-05,The Journal,1,6305S,1BR,1,1.0,727,5396.0,4856.0,net+derived_gross,UP TO 2 MONTHS FREE*,,,2,20,2026-07-01,2026-07-05,0
2026-06-08,The Journal,1,6309N,1BR,1,1.0,736,3663.0,3297.0,both,,,,2,20,2026-06-08,2026-06-08,0
2026-07-20,The Journal,1,6309N,1BR,1,1.0,736,4070.0,3663.0,net+derived_gross,UP TO 2 MONTHS FREE*,,,2,20,2026-06-11,2026-07-20,1
2026-06-08,The Journal,1,1314N,2BR,2,2.0,1096,5256.0,4730.0,both,,,,2,20,2026-06-08,2026-06-08,0
2026-07-20,The Journal,1,1314N,2BR,2,2.0,1096,5840.0,5256.0,net+derived_gross,UP TO 2 MONTHS FREE*,,,2,20,2026-06-11,2026-07-20,1
2026-07-11,The Journal,1,1314S,2BR,2,2.0,989,5896.0,5306.0,net+derived_gross,UP TO 2 MONTHS FREE*,,,2,20,2026-06-23,2026-07-11,0
2026-06-08,The Journal,1,1414S,2BR,2,2.0,989,5306.0,4775.0,both,,,,2,20,2026-06-08,2026-06-08,0
2026-06-19,The Journal,1,1414S,2BR,2,2.0,989,5896.0,5306.0,net+derived_gross,UP TO 2 MONTHS FREE*,,,2,20,2026-06-11,2026-06-19,0
2026-06-27,The Journal,1,1514S,2BR,2,2.0,989,5896.0,5306.0,net+derived_gross,UP TO 2 MONTHS FREE*,,,2,20,2026-06-18,2026-06-27,0
2026-07-20,The Journal,1,1707S,2BR,2,2.0,1032,6396.0,5756.0,net+derived_gross,UP TO 2 MONTHS FREE*,,,2,20,2026-06-23,2026-07-20,1
2026-06-08,The Journal,1,1807S,2BR,2,2.0,1032,5756.0,5180.0,both,,,,2,20,2026-06-08,2026-06-08,0
2026-06-15,The Journal,1,1807S,2BR,2,2.0,1032,6396.0,5756.0,net+derived_gross,UP TO 2 MONTHS FREE*,,,2,20,2026-06-11,2026-06-15,0
2026-06-24,The Journal,1,1814N,2BR,2,2.0,989,5850.0,5265.0,net+derived_gross,UP TO 2 MONTHS FREE*,,,2,20,2026-06-16,2026-06-24,0
2026-07-19,The Journal,1,1914S,2BR,2,2.0,989,5996.0,5396.0,net+derived_gross,UP TO 2 MONTHS FREE*,,,2,20,2026-07-01,2026-07-19,0
2026-06-27,The Journal,1,2114N,2BR,2,2.0,989,5750.0,5175.0,net+derived_gross,UP TO 2 MONTHS FREE*,,,2,20,2026-06-26,2026-06-27,0
2026-06-08,The Journal,1,2507S,2BR,2,2.0,1032,5846.0,5261.0,both,,,,2,20,2026-06-08,2026-06-08,0
2026-06-23,The Journal,1,2514S,2BR,2,2.0,989,5820.0,5238.0,net+derived_gross,UP TO 2 MONTHS FREE*,,,2,20,2026-06-23,2026-06-23,0
2026-06-08,The Journal,1,2607S,2BR,2,2.0,1032,5846.0,5261.0,both,,,,2,20,2026-06-08,2026-06-08,0
2026-06-29,The Journal,1,2607S,2BR,2,2.0,1032,6496.0,5846.0,net+derived_gross,UP TO 2 MONTHS FREE*,,,2,20,2026-06-29,2026-06-29,0
2026-06-20,The Journal,1,2614S,2BR,2,2.0,989,5940.0,5346.0,net+derived_gross,UP TO 2 MONTHS FREE*,,,2,20,2026-06-16,2026-06-20,0
2026-06-27,The Journal,1,2807N,2BR,2,2.0,1032,5496.0,4946.0,net+derived_gross,UP TO 2 MONTHS FREE*,,,2,20,2026-06-16,2026-06-27,0
2026-07-20,The Journal,1,2914N,2BR,2,2.0,989,5696.0,5126.0,net+derived_gross,UP TO 2 MONTHS FREE*,,,2,20,2026-06-16,2026-07-20,1
2026-07-20,The Journal,1,3014N,2BR,2,2.0,989,5696.0,5126.0,net+derived_gross,UP TO 2 MONTHS FREE*,,,2,20,2026-06-16,2026-07-20,1
2026-07-20,The Journal,1,3407S,2BR,2,2.0,1034,6696.0,6026.0,net+derived_gross,UP TO 2 MONTHS FREE*,,,2,20,2026-07-01,2026-07-20,1
2026-07-20,The Journal,1,3514S,2BR,2,2.0,989,6020.0,5418.0,net+derived_gross,UP TO 2 MONTHS FREE*,,,2,20,2026-07-09,2026-07-20,1
2026-07-02,The Journal,1,3614S,2BR,2,2.0,989,6036.0,5432.0,net+derived_gross,UP TO 2 MONTHS FREE*,,,2,20,2026-07-01,2026-07-02,0
2026-07-20,The Journal,1,3807N,2BR,2,2.0,1032,6250.0,5625.0,net+derived_gross,UP TO 2 MONTHS FREE*,,,2,20,2026-06-16,2026-07-20,1
2026-07-20,The Journal,1,3814N,2BR,2,2.0,989,5846.0,5261.0,net+derived_gross,UP TO 2 MONTHS FREE*,,,2,20,2026-07-20,2026-07-20,1
2026-06-12,The Journal,1,3907N,2BR,2,2.0,1032,5596.0,5036.0,net+derived_gross,UP TO 2 MONTHS FREE*,,,2,20,2026-06-12,2026-06-12,0
2026-06-29,The Journal,1,4107S,2BR,2,2.0,1032,6596.0,5936.0,net+derived_gross,UP TO 2 MONTHS FREE*,,,2,20,2026-06-29,2026-06-29,0
2026-06-27,The Journal,1,4214N,2BR,2,2.0,989,5796.0,5216.0,net+derived_gross,UP TO 2 MONTHS FREE*,,,2,20,2026-06-15,2026-06-27,0
2026-06-08,The Journal,1,4307S,2BR,2,2.0,1032,5936.0,5342.0,both,,,,2,20,2026-06-08,2026-06-08,0
2026-06-16,The Journal,1,4307S,2BR,2,2.0,1032,6596.0,5936.0,net+derived_gross,UP TO 2 MONTHS FREE*,,,2,20,2026-06-11,2026-06-16,0
2026-06-08,The Journal,1,4314S,2BR,2,2.0,989,5400.0,4860.0,both,,,,2,20,2026-06-08,2026-06-08,0
2026-06-25,The Journal,1,4314S,2BR,2,2.0,989,6096.0,5486.0,net+derived_gross,UP TO 2 MONTHS FREE*,,,2,20,2026-06-11,2026-06-25,0
2026-07-20,The Journal,1,4607S,2BR,2,2.0,1032,6796.0,6116.0,net+derived_gross,UP TO 2 MONTHS FREE*,,,2,20,2026-06-11,2026-07-20,1
2026-07-07,The Journal,1,4707N,2BR,2,2.0,1032,5480.0,4932.0,net+derived_gross,UP TO 2 MONTHS FREE*,,,2,20,2026-07-02,2026-07-07,0
2026-06-08,The Journal,1,4814N,2BR,2,2.0,1096,5306.0,4775.0,both,,,,2,20,2026-06-08,2026-06-08,0
2026-07-11,The Journal,1,4907S,2BR,2,2.0,1032,6896.0,6206.0,net+derived_gross,UP TO 2 MONTHS FREE*,,,2,20,2026-06-29,2026-07-11,0
2026-06-27,The Journal,1,4914N,2BR,2,2.0,989,5846.0,5261.0,net+derived_gross,UP TO 2 MONTHS FREE*,,,2,20,2026-06-15,2026-06-27,0
2026-06-08,The Journal,1,5114S,2BR,2,2.0,989,5513.0,4962.0,both,,,,2,20,2026-06-08,2026-06-08,0
2026-07-20,The Journal,1,5114S,2BR,2,2.0,989,6126.0,5513.0,net+derived_gross,UP TO 2 MONTHS FREE*,,,2,20,2026-06-11,2026-07-20,1
2026-07-20,The Journal,1,5207N,2BR,2,2.0,1032,6050.0,5445.0,net+derived_gross,UP TO 2 MONTHS FREE*,,,2,20,2026-07-18,2026-07-20,1
2026-06-08,The Journal,1,5214S,2BR,2,2.0,989,5513.0,4962.0,both,,,,2,20,2026-06-08,2026-06-08,0
2026-06-08,The Journal,1,5607N,2BR,2,2.0,1032,5576.0,5018.0,both,,,,2,20,2026-06-08,2026-06-08,0
2026-07-20,The Journal,1,5607N,2BR,2,2.0,1032,6396.0,5756.0,net+derived_gross,UP TO 2 MONTHS FREE*,,,2,20,2026-06-16,2026-07-20,1
2026-07-07,The Journal,1,5714N,2BR,2,2.0,989,5946.0,5351.0,net+derived_gross,UP TO 2 MONTHS FREE*,,,2,20,2026-06-28,2026-07-07,0
2026-06-08,The Journal,1,5914S,2BR,2,2.0,989,5544.0,4990.0,both,,,,2,20,2026-06-08,2026-06-08,0
2026-07-20,The Journal,1,5914S,2BR,2,2.0,989,6160.0,5544.0,net+derived_gross,UP TO 2 MONTHS FREE*,,,2,20,2026-06-11,2026-07-20,1
2026-07-13,The Journal,1,6007N,2BR,2,2.0,1032,5896.0,5306.0,net+derived_gross,UP TO 2 MONTHS FREE*,,,2,20,2026-07-13,2026-07-13,0
2026-06-08,The Journal,1,6014N,2BR,2,2.0,989,5535.0,4982.0,both,,,,2,20,2026-06-08,2026-06-08,0
2026-07-20,The Journal,1,6014N,2BR,2,2.0,989,6150.0,5535.0,net+derived_gross,UP TO 2 MONTHS FREE*,,,2,20,2026-06-11,2026-07-20,1
2026-06-08,The Journal,1,0206,3BR,3,2.0,1226,6300.0,5670.0,both,,,,2,20,2026-06-08,2026-06-08,0
2026-07-20,The Journal,1,0206,3BR,3,2.0,1226,7000.0,6300.0,net+derived_gross,UP TO 2 MONTHS FREE*,,,2,20,2026-06-11,2026-07-20,1
2026-06-08,The Journal,1,0303,3BR,3,2.0,1153,6210.0,5589.0,both,,,,2,20,2026-06-08,2026-06-08,0
2026-06-27,The Journal,1,0303,3BR,3,2.0,1153,6900.0,6210.0,net+derived_gross,UP TO 2 MONTHS FREE*,,,2,20,2026-06-11,2026-06-27,0
2026-06-08,The Journal,1,0403,3BR,3,2.0,1153,5850.0,5265.0,both,,,,2,20,2026-06-08,2026-06-08,0
2026-06-22,The Journal,1,0403,3BR,3,2.0,1153,6500.0,5850.0,net+derived_gross,UP TO 2 MONTHS FREE*,,,2,20,2026-06-11,2026-06-22,0
2026-07-20,The Journal,1,0603,3BR,3,2.0,1153,6550.0,5895.0,net+derived_gross,UP TO 2 MONTHS FREE*,,,2,20,2026-06-23,2026-07-20,1
2026-07-20,The Journal,1,0906,3BR,3,2.0,1374,7500.0,6750.0,net+derived_gross,UP TO 2 MONTHS FREE*,,,2,20,2026-06-16,2026-07-20,1
2026-07-13,The Journal,1,1006,3BR,3,2.0,1305,7400.0,6660.0,net+derived_gross,UP TO 2 MONTHS FREE*,,,2,20,2026-07-02,2026-07-13,0
2026-06-08,The Journal,1,0204,Studio,0,1.0,421,2817.0,2535.0,both,,,,2,20,2026-06-08,2026-06-08,0
2026-07-09,The Journal,1,0204,Studio,0,1.0,421,3130.0,2817.0,net+derived_gross,UP TO 2 MONTHS FREE*,,,2,20,2026-06-11,2026-07-09,0
2026-07-13,The Journal,1,0302,Studio,0,1.0,387,3036.0,2732.0,net+derived_gross,UP TO 2 MONTHS FREE*,,,2,20,2026-07-13,2026-07-13,0
2026-06-08,The Journal,1,0304,Studio,0,1.0,421,2777.0,2499.0,both,,,,2,20,2026-06-08,2026-06-08,0
2026-07-20,The Journal,1,0304,Studio,0,1.0,421,3136.0,2822.0,net+derived_gross,UP TO 2 MONTHS FREE*,,,2,20,2026-06-11,2026-07-20,1
2026-07-20,The Journal,1,0311,Studio,0,1.0,515,3146.0,2831.0,net+derived_gross,UP TO 2 MONTHS FREE*,,,2,20,2026-07-17,2026-07-20,1
2026-07-13,The Journal,1,0404,Studio,0,1.0,461,3146.0,2831.0,net+derived_gross,UP TO 2 MONTHS FREE*,,,2,20,2026-07-08,2026-07-13,0
2026-07-13,The Journal,1,0411,Studio,0,1.0,515,3126.0,2813.0,net+derived_gross,UP TO 2 MONTHS FREE*,,,2,20,2026-06-29,2026-07-13,0
2026-06-15,The Journal,1,0422,Studio,0,1.0,491,3086.0,2777.0,net+derived_gross,UP TO 2 MONTHS FREE*,,,2,20,2026-06-11,2026-06-15,0
2026-06-08,The Journal,1,0502,Studio,0,1.0,387,2786.0,2507.0,both,,,,2,20,2026-06-08,2026-06-08,0
2026-07-03,The Journal,1,0502,Studio,0,1.0,387,3146.0,2831.0,net+derived_gross,UP TO 2 MONTHS FREE*,,,2,20,2026-06-11,2026-07-03,0
2026-06-08,The Journal,1,0504,Studio,0,1.0,461,2876.0,2588.0,both,,,,2,20,2026-06-08,2026-06-08,0
2026-07-06,The Journal,1,0504,Studio,0,1.0,461,3196.0,2876.0,net+derived_gross,UP TO 2 MONTHS FREE*,,,2,20,2026-06-11,2026-07-06,0
2026-06-08,The Journal,1,0611,Studio,0,1.0,496,2651.0,2386.0,both,,,,2,20,2026-06-08,2026-06-08,0
2026-07-20,The Journal,1,0611,Studio,0,1.0,496,3246.0,2921.0,net+derived_gross,UP TO 2 MONTHS FREE*,,,2,20,2026-06-11,2026-07-20,1
2026-07-13,The Journal,1,0619,Studio,0,1.0,567,3286.0,2957.0,net+derived_gross,UP TO 2 MONTHS FREE*,,,2,20,2026-07-08,2026-07-13,0
2026-06-12,The Journal,1,0702,Studio,0,1.0,387,3196.0,2876.0,net+derived_gross,UP TO 2 MONTHS FREE*,,,2,20,2026-06-11,2026-06-12,0
2026-06-08,The Journal,1,0708,Studio,0,1.0,524,2912.0,2621.0,both,,,,2,20,2026-06-08,2026-06-08,0
2026-06-20,The Journal,1,0708,Studio,0,1.0,524,3236.0,2912.0,net+derived_gross,UP TO 2 MONTHS FREE*,,,2,20,2026-06-11,2026-06-20,0
2026-06-08,The Journal,1,0810,Studio,0,1.0,497,2831.0,2548.0,both,,,,2,20,2026-06-08,2026-06-08,0
2026-06-11,The Journal,1,0810,Studio,0,1.0,497,3146.0,2831.0,net+derived_gross,UP TO 2 MONTHS FREE*,,,2,20,2026-06-11,2026-06-11,0
2026-07-20,The Journal,1,0902,Studio,0,1.0,387,3196.0,2876.0,net+derived_gross,UP TO 2 MONTHS FREE*,,,2,20,2026-06-16,2026-07-20,1
2026-06-15,The Journal,1,0919,Studio,0,1.0,567,3246.0,2921.0,net+derived_gross,UP TO 2 MONTHS FREE*,,,2,20,2026-06-11,2026-06-15,0
2026-07-13,The Journal,1,1002,Studio,0,1.0,387,3076.0,2768.0,net+derived_gross,UP TO 2 MONTHS FREE*,,,2,20,2026-06-28,2026-07-13,0
2026-07-20,The Journal,1,1004,Studio,0,1.0,461,3090.0,2781.0,net+derived_gross,UP TO 2 MONTHS FREE*,,,2,20,2026-07-18,2026-07-20,1
2026-06-27,The Journal,1,1008,Studio,0,1.0,422,2990.0,2691.0,net+derived_gross,UP TO 2 MONTHS FREE*,,,2,20,2026-06-23,2026-06-27,0
2026-07-20,The Journal,1,1011,Studio,0,1.0,400,2990.0,2691.0,net+derived_gross,UP TO 2 MONTHS FREE*,,,2,20,2026-07-18,2026-07-20,1
2026-06-08,The Journal,1,1022,Studio,0,1.0,484,3029.0,2726.0,both,,,,2,20,2026-06-08,2026-06-08,0
2026-07-20,The Journal,1,1022,Studio,0,1.0,484,3366.0,3029.0,net+derived_gross,UP TO 2 MONTHS FREE*,,,2,20,2026-06-11,2026-07-20,1
2026-07-20,The Journal,1,1303N,Studio,0,1.0,474,3330.0,2997.0,net+derived_gross,UP TO 2 MONTHS FREE*,,,2,20,2026-07-09,2026-07-20,1
2026-07-20,The Journal,1,1304N,Studio,0,1.0,434,3286.0,2957.0,net+derived_gross,UP TO 2 MONTHS FREE*,,,2,20,2026-07-09,2026-07-20,1
2026-06-17,The Journal,1,1315S,Studio,0,1.0,405,3246.0,2921.0,net+derived_gross,UP TO 2 MONTHS FREE*,,,2,20,2026-06-11,2026-06-17,0
2026-06-27,The Journal,1,1403S,Studio,0,1.0,461,3296.0,2966.0,net+derived_gross,UP TO 2 MONTHS FREE*,,,2,20,2026-06-23,2026-06-27,0
2026-06-08,The Journal,1,1404N,Studio,0,1.0,430,2903.0,2613.0,both,,,,2,20,2026-06-08,2026-06-08,0
2026-06-16,The Journal,1,1404S,Studio,0,1.0,430,3246.0,2921.0,net+derived_gross,UP TO 2 MONTHS FREE*,,,2,20,2026-06-11,2026-06-16,0
2026-06-08,The Journal,1,1408N,Studio,0,1.0,468,3011.0,2710.0,both,,,,2,20,2026-06-08,2026-06-08,0
2026-06-26,The Journal,1,1408N,Studio,0,1.0,468,3346.0,3011.0,net+derived_gross,UP TO 2 MONTHS FREE*,,,2,20,2026-06-23,2026-06-26,0
2026-06-08,The Journal,1,1415N,Studio,0,1.0,405,2934.0,2641.0,both,,,,2,20,2026-06-08,2026-06-08,0
2026-07-05,The Journal,1,1415N,Studio,0,1.0,405,3260.0,2934.0,net+derived_gross,UP TO 2 MONTHS FREE*,,,2,20,2026-07-01,2026-07-05,0
2026-06-08,The Journal,1,1503S,Studio,0,1.0,461,2966.0,2669.0,both,,,,2,20,2026-06-08,2026-06-08,0
2026-06-17,The Journal,1,1503S,Studio,0,1.0,461,3296.0,2966.0,net+derived_gross,UP TO 2 MONTHS FREE*,,,2,20,2026-06-11,2026-06-17,0
2026-06-08,The Journal,1,1515N,Studio,0,1.0,405,2939.0,2645.0,both,,,,2,20,2026-06-08,2026-06-08,0
2026-06-24,The Journal,1,1515N,Studio,0,1.0,405,3266.0,2939.0,net+derived_gross,UP TO 2 MONTHS FREE*,,,2,20,2026-06-11,2026-06-24,0
2026-06-08,The Journal,1,1608N,Studio,0,1.0,468,3011.0,2710.0,both,,,,2,20,2026-06-08,2026-06-08,0
2026-06-24,The Journal,1,1608N,Studio,0,1.0,468,3346.0,3011.0,net+derived_gross,UP TO 2 MONTHS FREE*,,,2,20,2026-06-11,2026-06-24,0
2026-07-20,The Journal,1,1708S,Studio,0,1.0,469,3396.0,3056.0,net+derived_gross,UP TO 2 MONTHS FREE*,,,2,20,2026-06-23,2026-07-20,1
2026-06-08,The Journal,1,1808S,Studio,0,1.0,469,3056.0,2750.0,both,,,,2,20,2026-06-08,2026-06-08,0
2026-06-27,The Journal,1,1808S,Studio,0,1.0,469,3396.0,3056.0,net+derived_gross,UP TO 2 MONTHS FREE*,,,2,20,2026-06-11,2026-06-27,0
2026-07-09,The Journal,1,1904S,Studio,0,1.0,430,3296.0,2966.0,net+derived_gross,UP TO 2 MONTHS FREE*,,,2,20,2026-07-01,2026-07-09,0
2026-07-01,The Journal,1,1908N,Studio,0,1.0,469,3396.0,3056.0,net+derived_gross,UP TO 2 MONTHS FREE*,,,2,20,2026-06-17,2026-07-01,0
2026-06-08,The Journal,1,1915N,Studio,0,1.0,385,2867.0,2580.0,both,,,,2,20,2026-06-08,2026-06-08,0
2026-07-01,The Journal,1,2015N,Studio,0,1.0,405,3490.0,3141.0,net+derived_gross,UP TO 2 MONTHS FREE*,,,2,20,2026-06-16,2026-07-01,0
2026-07-01,The Journal,1,2204N,Studio,0,1.0,430,3286.0,2957.0,net+derived_gross,UP TO 2 MONTHS FREE*,,,2,20,2026-07-01,2026-07-01,0
2026-06-08,The Journal,1,2215N,Studio,0,1.0,385,3020.0,2718.0,both,,,,2,20,2026-06-08,2026-06-08,0
2026-06-08,The Journal,1,2303N,Studio,0,1.0,461,3042.0,2738.0,both,,,,2,20,2026-06-08,2026-06-08,0
2026-06-30,The Journal,1,2303N,Studio,0,1.0,461,3380.0,3042.0,net+derived_gross,UP TO 2 MONTHS FREE*,,,2,20,2026-06-11,2026-06-30,0
2026-07-13,The Journal,1,2503N,Studio,0,1.0,461,3190.0,2871.0,net+derived_gross,UP TO 2 MONTHS FREE*,,,2,20,2026-07-08,2026-07-13,0
2026-07-16,The Journal,1,2503S,Studio,0,1.0,461,3366.0,3029.0,net+derived_gross,UP TO 2 MONTHS FREE*,,,2,20,2026-07-01,2026-07-16,0
2026-06-24,The Journal,1,2603S,Studio,0,1.0,461,3366.0,3029.0,net+derived_gross,UP TO 2 MONTHS FREE*,,,2,20,2026-06-23,2026-06-24,0
2026-06-08,The Journal,1,2703S,Studio,0,1.0,461,3029.0,2726.0,both,,,,2,20,2026-06-08,2026-06-08,0
2026-06-08,The Journal,1,2704N,Studio,0,1.0,430,2840.0,2556.0,both,,,,2,20,2026-06-08,2026-06-08,0
2026-06-08,The Journal,1,2804N,Studio,0,1.0,430,2844.0,2560.0,both,,,,2,20,2026-06-08,2026-06-08,0
2026-07-20,The Journal,1,2815N,Studio,0,1.0,405,3230.0,2907.0,net+derived_gross,UP TO 2 MONTHS FREE*,,,2,20,2026-07-20,2026-07-20,1
2026-07-09,The Journal,1,2903N,Studio,0,1.0,461,3210.0,2889.0,net+derived_gross,UP TO 2 MONTHS FREE*,,,2,20,2026-07-09,2026-07-09,0
2026-07-20,The Journal,1,2904N,Studio,0,1.0,430,3266.0,2939.0,net+derived_gross,UP TO 2 MONTHS FREE*,,,2,20,2026-07-09,2026-07-20,1
2026-07-20,The Journal,1,2908S,Studio,0,1.0,475,3436.0,3092.0,net+derived_gross,UP TO 2 MONTHS FREE*,,,2,20,2026-06-11,2026-07-20,1
2026-06-08,The Journal,1,3004N,Studio,0,1.0,430,2984.0,2686.0,both,,,,2,20,2026-06-08,2026-06-08,0
2026-06-15,The Journal,1,3004N,Studio,0,1.0,430,3316.0,2984.0,net+derived_gross,UP TO 2 MONTHS FREE*,,,2,20,2026-06-11,2026-06-15,0
2026-07-01,The Journal,1,3015N,Studio,0,1.0,405,3240.0,2916.0,net+derived_gross,UP TO 2 MONTHS FREE*,,,2,20,2026-06-24,2026-07-01,0
2026-07-20,The Journal,1,3203N,Studio,0,1.0,461,3276.0,2948.0,net+derived_gross,UP TO 2 MONTHS FREE*,,,2,20,2026-06-30,2026-07-20,1
2026-06-08,The Journal,1,3208S,Studio,0,1.0,479,3056.0,2750.0,both,,,,2,20,2026-06-08,2026-06-08,0
2026-07-15,The Journal,1,3315N,Studio,0,1.0,405,3406.0,3065.0,net+derived_gross,UP TO 2 MONTHS FREE*,,,2,20,2026-07-09,2026-07-15,0
2026-06-08,The Journal,1,3415S,Studio,0,1.0,375,3011.0,2710.0,both,,,,2,20,2026-06-08,2026-06-08,0
2026-07-13,The Journal,1,3415S,Studio,0,1.0,375,3346.0,3011.0,net+derived_gross,UP TO 2 MONTHS FREE*,,,2,20,2026-06-11,2026-07-13,0
2026-06-08,The Journal,1,3704N,Studio,0,1.0,430,2930.0,2637.0,both,,,,2,20,2026-06-08,2026-06-08,0
2026-07-16,The Journal,1,3708N,Studio,0,1.0,478,3296.0,2966.0,net+derived_gross,UP TO 2 MONTHS FREE*,,,2,20,2026-07-09,2026-07-16,0
2026-06-27,The Journal,1,3715N,Studio,0,1.0,410,3350.0,3015.0,net+derived_gross,UP TO 2 MONTHS FREE*,,,2,20,2026-06-24,2026-06-27,0
2026-06-08,The Journal,1,3808N,Studio,0,1.0,479,2858.0,2572.0,both,,,,2,20,2026-06-08,2026-06-08,0
2026-07-13,The Journal,1,3903N,Studio,0,1.0,461,3326.0,2993.0,net+derived_gross,UP TO 2 MONTHS FREE*,,,2,20,2026-07-09,2026-07-13,0
2026-07-09,The Journal,1,3903S,Studio,0,1.0,461,3380.0,3042.0,net+derived_gross,UP TO 2 MONTHS FREE*,,,2,20,2026-07-01,2026-07-09,0
2026-07-16,The Journal,1,3904N,Studio,0,1.0,430,3280.0,2952.0,net+derived_gross,UP TO 2 MONTHS FREE*,,,2,20,2026-07-15,2026-07-16,0
2026-07-20,The Journal,1,4003N,Studio,0,1.0,461,3376.0,3038.0,net+derived_gross,UP TO 2 MONTHS FREE*,,,2,20,2026-07-09,2026-07-20,1
2026-06-30,The Journal,1,4004S,Studio,0,1.0,430,3376.0,3038.0,net+derived_gross,UP TO 2 MONTHS FREE*,,,2,20,2026-06-23,2026-06-30,0
2026-06-08,The Journal,1,4104S,Studio,0,1.0,430,3038.0,2734.0,both,,,,2,20,2026-06-08,2026-06-08,0
2026-06-17,The Journal,1,4104S,Studio,0,1.0,430,3376.0,3038.0,net+derived_gross,UP TO 2 MONTHS FREE*,,,2,20,2026-06-11,2026-06-17,0
2026-06-08,The Journal,1,4108N,Studio,0,1.0,479,2993.0,2694.0,both,,,,2,20,2026-06-08,2026-06-08,0
2026-06-08,The Journal,1,4203S,Studio,0,1.0,461,3056.0,2750.0,both,,,,2,20,2026-06-08,2026-06-08,0
2026-06-21,The Journal,1,4203S,Studio,0,1.0,461,3396.0,3056.0,net+derived_gross,UP TO 2 MONTHS FREE*,,,2,20,2026-06-11,2026-06-21,0
2026-06-18,The Journal,1,4204N,Studio,0,1.0,430,3330.0,2997.0,net+derived_gross,UP TO 2 MONTHS FREE*,,,2,20,2026-06-16,2026-06-18,0
2026-06-08,The Journal,1,4208S,Studio,0,1.0,481,3101.0,2791.0,both,,,,2,20,2026-06-08,2026-06-08,0
2026-07-07,The Journal,1,4208S,Studio,0,1.0,481,3446.0,3101.0,net+derived_gross,UP TO 2 MONTHS FREE*,,,2,20,2026-06-11,2026-07-07,0
2026-07-20,The Journal,1,4408N,Studio,0,1.0,481,3460.0,3114.0,net+derived_gross,UP TO 2 MONTHS FREE*,,,2,20,2026-07-01,2026-07-20,1
2026-07-07,The Journal,1,4608N,Studio,0,1.0,481,3200.0,2880.0,net+derived_gross,UP TO 2 MONTHS FREE*,,,2,20,2026-07-07,2026-07-07,0
2026-06-27,The Journal,1,4704N,Studio,0,1.0,430,3330.0,2997.0,net+derived_gross,UP TO 2 MONTHS FREE*,,,2,20,2026-06-18,2026-06-27,0
2026-07-20,The Journal,1,4715N,Studio,0,1.0,410,3400.0,3060.0,net+derived_gross,UP TO 2 MONTHS FREE*,,,2,20,2026-07-20,2026-07-20,1
2026-07-20,The Journal,1,4715S,Studio,0,1.0,410,3396.0,3056.0,net+derived_gross,UP TO 2 MONTHS FREE*,,,2,20,2026-07-01,2026-07-20,1
2026-07-12,The Journal,1,4804N,Studio,0,1.0,430,3376.0,3038.0,net+derived_gross,UP TO 2 MONTHS FREE*,,,2,20,2026-06-23,2026-07-12,0
2026-06-27,The Journal,1,4815N,Studio,0,1.0,410,3400.0,3060.0,net+derived_gross,UP TO 2 MONTHS FREE*,,,2,20,2026-06-11,2026-06-27,0
2026-06-24,The Journal,1,4815S,Studio,0,1.0,410,3396.0,3056.0,net+derived_gross,UP TO 2 MONTHS FREE*,,,2,20,2026-06-16,2026-06-24,0
2026-06-08,The Journal,1,4903N,Studio,0,1.0,459,3038.0,2734.0,both,,,,2,20,2026-06-08,2026-06-08,0
2026-06-24,The Journal,1,4903N,Studio,0,1.0,459,3376.0,3038.0,net+derived_gross,UP TO 2 MONTHS FREE*,,,2,20,2026-06-16,2026-06-24,0
2026-06-08,The Journal,1,4908N,Studio,0,1.0,481,3105.0,2795.0,both,,,,2,20,2026-06-08,2026-06-08,0
2026-06-18,The Journal,1,4908N,Studio,0,1.0,481,3450.0,3105.0,net+derived_gross,UP TO 2 MONTHS FREE*,,,2,20,2026-06-11,2026-06-18,0
2026-06-08,The Journal,1,4915S,Studio,0,1.0,410,3029.0,2726.0,both,,,,2,20,2026-06-08,2026-06-08,0
2026-06-13,The Journal,1,4915S,Studio,0,1.0,410,3366.0,3029.0,net+derived_gross,UP TO 2 MONTHS FREE*,,,2,20,2026-06-11,2026-06-13,0
2026-07-20,The Journal,1,5003N,Studio,0,1.0,459,3376.0,3038.0,net+derived_gross,UP TO 2 MONTHS FREE*,,,2,20,2026-06-16,2026-07-20,1
2026-07-06,The Journal,1,5104N,Studio,0,1.0,430,3330.0,2997.0,net+derived_gross,UP TO 2 MONTHS FREE*,,,2,20,2026-06-28,2026-07-06,0
2026-07-20,The Journal,1,5104S,Studio,0,1.0,430,3390.0,3051.0,net+derived_gross,UP TO 2 MONTHS FREE*,,,2,20,2026-06-23,2026-07-20,1
2026-06-08,The Journal,1,5108S,Studio,0,1.0,481,3141.0,2827.0,both,,,,2,20,2026-06-08,2026-06-08,0
2026-07-20,The Journal,1,5108S,Studio,0,1.0,481,3490.0,3141.0,net+derived_gross,UP TO 2 MONTHS FREE*,,,2,20,2026-06-11,2026-07-20,1
2026-07-20,The Journal,1,5203S,Studio,0,1.0,459,3440.0,3096.0,net+derived_gross,UP TO 2 MONTHS FREE*,,,2,20,2026-07-01,2026-07-20,1
2026-06-08,The Journal,1,5204S,Studio,0,1.0,430,3056.0,2750.0,both,,,,2,20,2026-06-08,2026-06-08,0
2026-06-21,The Journal,1,5204S,Studio,0,1.0,430,3396.0,3056.0,net+derived_gross,UP TO 2 MONTHS FREE*,,,2,20,2026-06-11,2026-06-21,0
2026-06-08,The Journal,1,5303S,Studio,0,1.0,459,3101.0,2791.0,both,,,,2,20,2026-06-08,2026-06-08,0
2026-06-25,The Journal,1,5303S,Studio,0,1.0,459,3446.0,3101.0,net+derived_gross,UP TO 2 MONTHS FREE*,,,2,20,2026-06-11,2026-06-25,0
2026-07-20,The Journal,1,5304N,Studio,0,1.0,430,3356.0,3020.0,net+derived_gross,UP TO 2 MONTHS FREE*,,,2,20,2026-07-09,2026-07-20,1
2026-07-16,The Journal,1,5308N,Studio,0,1.0,481,3476.0,3128.0,net+derived_gross,UP TO 2 MONTHS FREE*,,,2,20,2026-06-23,2026-07-16,0
2026-06-08,The Journal,1,5404N,Studio,0,1.0,430,3096.0,2786.0,both,,,,2,20,2026-06-08,2026-06-08,0
2026-07-20,The Journal,1,5404N,Studio,0,1.0,430,3440.0,3096.0,net+derived_gross,UP TO 2 MONTHS FREE*,,,2,20,2026-06-11,2026-07-20,1
2026-06-08,The Journal,1,5504N,Studio,0,1.0,430,3020.0,2718.0,both,,,,2,20,2026-06-08,2026-06-08,0
2026-06-11,The Journal,1,5504N,Studio,0,1.0,430,3356.0,3020.0,net+derived_gross,UP TO 2 MONTHS FREE*,,,2,20,2026-06-11,2026-06-11,0
2026-07-14,The Journal,1,5515N,Studio,0,1.0,385,3426.0,3083.0,net+derived_gross,UP TO 2 MONTHS FREE*,,,2,20,2026-07-01,2026-07-14,0
2026-06-12,The Journal,1,5615N,Studio,0,1.0,385,3450.0,3105.0,net+derived_gross,UP TO 2 MONTHS FREE*,,,2,20,2026-06-11,2026-06-12,0
2026-06-08,The Journal,1,5703N,Studio,0,1.0,459,3105.0,2795.0,both,,,,2,20,2026-06-08,2026-06-08,0
2026-07-20,The Journal,1,5703N,Studio,0,1.0,459,3450.0,3105.0,net+derived_gross,UP TO 2 MONTHS FREE*,,,2,20,2026-06-11,2026-07-20,1
2026-06-08,The Journal,1,5815N,Studio,0,1.0,385,3105.0,2795.0,both,,,,2,20,2026-06-08,2026-06-08,0
2026-06-27,The Journal,1,5815N,Studio,0,1.0,385,3450.0,3105.0,net+derived_gross,UP TO 2 MONTHS FREE*,,,2,20,2026-06-11,2026-06-27,0
2026-06-08,The Journal,1,5904S,Studio,0,1.0,430,3087.0,2778.0,both,,,,2,20,2026-06-08,2026-06-08,0
2026-07-20,The Journal,1,5904S,Studio,0,1.0,430,3430.0,3087.0,net+derived_gross,UP TO 2 MONTHS FREE*,,,2,20,2026-06-11,2026-07-20,1
2026-06-08,The Journal,1,5908N,Studio,0,1.0,479,3105.0,2795.0,both,,,,2,20,2026-06-08,2026-06-08,0
2026-07-01,The Journal,1,5915N,Studio,0,1.0,385,3450.0,3105.0,net+derived_gross,UP TO 2 MONTHS FREE*,,,2,20,2026-06-29,2026-07-01,0
2026-07-20,The Journal,1,5915S,Studio,0,1.0,385,3406.0,3065.0,net+derived_gross,UP TO 2 MONTHS FREE*,,,2,20,2026-07-01,2026-07-20,1
2026-06-08,The Journal,1,6003S,Studio,0,1.0,459,3132.0,2819.0,both,,,,2,20,2026-06-08,2026-06-08,0
2026-07-20,The Journal,1,6003S,Studio,0,1.0,459,3480.0,3132.0,net+derived_gross,UP TO 2 MONTHS FREE*,,,2,20,2026-06-11,2026-07-20,1
2026-06-08,The Journal,1,6008S,Studio,0,1.0,479,3182.0,2864.0,both,,,,2,20,2026-06-08,2026-06-08,0
2026-07-20,The Journal,1,6008S,Studio,0,1.0,479,3536.0,3182.0,net+derived_gross,UP TO 2 MONTHS FREE*,,,2,20,2026-06-11,2026-07-20,1
2026-06-08,The Journal,1,6015S,Studio,0,1.0,385,3038.0,2734.0,both,,,,2,20,2026-06-08,2026-06-08,0
2026-06-28,The Journal,1,6015S,Studio,0,1.0,385,3376.0,3038.0,net+derived_gross,UP TO 2 MONTHS FREE*,,,2,20,2026-06-11,2026-06-28,0
2026-06-08,The Journal,1,6215N,Studio,0,1.0,385,3105.0,2795.0,both,,,,2,20,2026-06-08,2026-06-08,0
2026-07-19,The Journal,1,6215N,Studio,0,1.0,385,3450.0,3105.0,net+derived_gross,UP TO 2 MONTHS FREE*,,,2,20,2026-06-11,2026-07-19,0
2026-06-08,The Journal,1,6303N,Studio,0,1.0,459,3267.0,2940.0,both,,,,2,20,2026-06-08,2026-06-08,0
2026-07-20,The Journal,1,6303N,Studio,0,1.0,459,3630.0,3267.0,net+derived_gross,UP TO 2 MONTHS FREE*,,,2,20,2026-06-11,2026-07-20,1
2026-06-08,The Journal,1,6308N,Studio,0,1.0,479,3200.0,2880.0,both,,,,2,20,2026-06-08,2026-06-08,0
2026-07-20,The Journal,1,6308N,Studio,0,1.0,479,3556.0,3200.0,net+derived_gross,UP TO 2 MONTHS FREE*,,,2,20,2026-06-11,2026-07-20,1
2026-07-20,VYV North Tower,1,N-0704,1BR,1,1.0,739,3995.0,,asking,,,,,,2026-07-20,2026-07-20,1
2026-07-20,VYV North Tower,1,N-1004,1BR,1,1.0,739,4040.0,,asking,,,,,,2026-07-20,2026-07-20,1
2026-07-20,VYV North Tower,1,N-1710,1BR,1,1.0,739,4120.0,,asking,,,,,,2026-07-20,2026-07-20,1
2026-07-20,VYV North Tower,1,N-1904,1BR,1,1.0,739,4130.0,,asking,,,,,,2026-07-20,2026-07-20,1
2026-07-20,VYV North Tower,1,N-2204,1BR,1,1.0,739,4150.0,,asking,,,,,,2026-07-20,2026-07-20,1
2026-07-20,VYV North Tower,1,N-2208,1BR,1,1.0,879,4410.0,,asking,,,,,,2026-07-20,2026-07-20,1
2026-07-20,VYV North Tower,1,N-2501,1BR,1,1.0,763,4120.0,,asking,,,,,,2026-07-20,2026-07-20,1
2026-07-20,VYV North Tower,1,N-2606,1BR,1,1.0,720,4250.0,,asking,,,,,,2026-07-20,2026-07-20,1
2026-07-20,VYV North Tower,1,N-2701,1BR,1,1.0,763,4230.0,,asking,,,,,,2026-07-20,2026-07-20,1
2026-07-20,VYV North Tower,1,N-2806,1BR,1,1.0,720,4260.0,,asking,,,,,,2026-07-20,2026-07-20,1
2026-07-20,VYV North Tower,1,N-3210,1BR,1,1.0,739,4380.0,,asking,,,,,,2026-07-20,2026-07-20,1
2026-07-20,VYV North Tower,1,N-3303,1BR,1,1.0,739,4305.0,,asking,,,,,,2026-07-20,2026-07-20,1
2026-07-20,VYV North Tower,1,N-3401,1BR,1,1.0,763,4315.0,,asking,,,,,,2026-07-20,2026-07-20,1
2026-07-20,VYV North Tower,1,N-1102,2BR,2,2.0,1158,5470.0,,asking,,,,,,2026-07-20,2026-07-20,1
2026-07-20,VYV North Tower,1,N-1409,2BR,2,2.0,1182,5635.0,,asking,,,,,,2026-07-20,2026-07-20,1
2026-07-20,VYV North Tower,1,N-1711,2BR,2,2.0,1084,5215.0,,asking,,,,,,2026-07-20,2026-07-20,1
2026-07-20,VYV North Tower,1,N-1811,2BR,2,2.0,1084,5225.0,,asking,,,,,,2026-07-20,2026-07-20,1
2026-07-20,VYV North Tower,1,N-2109,2BR,2,2.0,1182,5740.0,,asking,,,,,,2026-07-20,2026-07-20,1
2026-07-20,VYV North Tower,1,N-2511,2BR,2,2.0,1084,5255.0,,asking,,,,,,2026-07-20,2026-07-20,1
2026-07-20,VYV North Tower,1,N-2609,2BR,2,2.0,1182,5845.0,,asking,,,,,,2026-07-20,2026-07-20,1
2026-07-20,VYV North Tower,1,N-3109,2BR,2,2.0,1182,5880.0,,asking,,,,,,2026-07-20,2026-07-20,1
2026-07-20,VYV North Tower,1,N-3305,2BR,2,2.0,1084,5800.0,,asking,,,,,,2026-07-20,2026-07-20,1
2026-07-20,VYV North Tower,1,N-3411,2BR,2,2.0,1084,5450.0,,asking,,,,,,2026-07-20,2026-07-20,1
2026-07-20,VYV North Tower,1,N-3511,2BR,2,2.0,1084,5450.0,,asking,,,,,,2026-07-20,2026-07-20,1
2026-07-20,VYV North Tower,1,N-1007,Studio,0,1.0,610,3530.0,,asking,,,,,,2026-07-20,2026-07-20,1
2026-07-20,VYV North Tower,1,N-1407,Studio,0,1.0,610,3550.0,,asking,,,,,,2026-07-20,2026-07-20,1
2026-07-20,VYV North Tower,1,N-1607,Studio,0,1.0,610,3560.0,,asking,,,,,,2026-07-20,2026-07-20,1
2026-07-20,VYV North Tower,1,N-2407,Studio,0,1.0,610,3675.0,,asking,,,,,,2026-07-20,2026-07-20,1
2026-07-20,VYV North Tower,1,N-3007,Studio,0,1.0,610,3795.0,,asking,,,,,,2026-07-20,2026-07-20,1
2026-07-20,VYV North Tower,1,N-3213,Studio,0,1.0,610,3670.0,,asking,,,,,,2026-07-20,2026-07-20,1
2026-07-20,VYV North Tower,1,N-3413,Studio,0,1.0,610,3695.0,,asking,,,,,,2026-07-20,2026-07-20,1
2026-07-20,VYV South Tower,0,S-0256,1BR,1,1.0,787,3930.0,,asking,,,,,,2026-07-20,2026-07-20,1
2026-07-20,VYV South Tower,0,S-0451,1BR,1,1.0,841,4080.0,,asking,,,,,,2026-07-20,2026-07-20,1
2026-07-20,VYV South Tower,0,S-0453,1BR,1,1.0,733,3945.0,,asking,,,,,,2026-07-20,2026-07-20,1
2026-07-20,VYV South Tower,0,S-0455,1BR,1,1.0,722,3810.0,,asking,,,,,,2026-07-20,2026-07-20,1
2026-07-20,VYV South Tower,0,S-0655,1BR,1,1.0,722,3820.0,,asking,,,,,,2026-07-20,2026-07-20,1
2026-07-20,VYV South Tower,0,S-0658,1BR,1,1.0,815,3820.0,,asking,,,,,,2026-07-20,2026-07-20,1
2026-07-20,VYV South Tower,0,S-0659,1BR,1,1.0,699,3780.0,,asking,,,,,,2026-07-20,2026-07-20,1
2026-07-20,VYV South Tower,0,S-0755,1BR,1,1.0,722,3820.0,,asking,,,,,,2026-07-20,2026-07-20,1
2026-07-20,VYV South Tower,0,S-0758,1BR,1,1.0,815,3820.0,,asking,,,,,,2026-07-20,2026-07-20,1
2026-07-20,VYV South Tower,0,S-0953,1BR,1,1.0,733,4010.0,,asking,,,,,,2026-07-20,2026-07-20,1
2026-07-20,VYV South Tower,0,S-0955,1BR,1,1.0,703,3805.0,,asking,,,,,,2026-07-20,2026-07-20,1
2026-07-20,VYV South Tower,0,S-1059,1BR,1,1.0,759,3860.0,,asking,,,,,,2026-07-20,2026-07-20,1
2026-07-20,VYV South Tower,0,S-1061,1BR,1,1.0,734,3965.0,,asking,,,,,,2026-07-20,2026-07-20,1
2026-07-20,VYV South Tower,0,S-1155,1BR,1,1.0,703,3815.0,,asking,,,,,,2026-07-20,2026-07-20,1
2026-07-20,VYV South Tower,0,S-1262,1BR,1,1.0,965,4575.0,,asking,,,,,,2026-07-20,2026-07-20,1
2026-07-20,VYV South Tower,0,S-1361,1BR,1,1.0,734,3975.0,,asking,,,,,,2026-07-20,2026-07-20,1
2026-07-20,VYV South Tower,0,S-1655,1BR,1,1.0,703,3845.0,,asking,,,,,,2026-07-20,2026-07-20,1
2026-07-20,VYV South Tower,0,S-1659,1BR,1,1.0,759,3890.0,,asking,,,,,,2026-07-20,2026-07-20,1
2026-07-20,VYV South Tower,0,S-1853,1BR,1,1.0,733,4085.0,,asking,,,,,,2026-07-20,2026-07-20,1
2026-07-20,VYV South Tower,0,S-1859,1BR,1,1.0,759,3970.0,,asking,,,,,,2026-07-20,2026-07-20,1
2026-07-20,VYV South Tower,0,S-2061,1BR,1,1.0,734,3965.0,,asking,,,,,,2026-07-20,2026-07-20,1
2026-07-20,VYV South Tower,0,S-2159,1BR,1,1.0,759,3980.0,,asking,,,,,,2026-07-20,2026-07-20,1
2026-07-20,VYV South Tower,0,S-2161,1BR,1,1.0,734,3965.0,,asking,,,,,,2026-07-20,2026-07-20,1
2026-07-20,VYV South Tower,0,S-2953,1BR,1,1.0,733,4260.0,,asking,,,,,,2026-07-20,2026-07-20,1
2026-07-20,VYV South Tower,0,S-3059,1BR,1,1.0,759,4045.0,,asking,,,,,,2026-07-20,2026-07-20,1
2026-07-20,VYV South Tower,0,S-3150,1BR,1,1.0,757,3675.0,,asking,,,,,,2026-07-20,2026-07-20,1
2026-07-20,VYV South Tower,0,S-3152,1BR,1,1.0,708,4225.0,,asking,,,,,,2026-07-20,2026-07-20,1
2026-07-20,VYV South Tower,0,S-3255,1BR,1,1.0,703,4030.0,,asking,,,,,,2026-07-20,2026-07-20,1
2026-07-20,VYV South Tower,0,S-3350,1BR,1,1.0,757,3700.0,,asking,,,,,,2026-07-20,2026-07-20,1
2026-07-20,VYV South Tower,0,S-3455,1BR,1,1.0,703,4055.0,,asking,,,,,,2026-07-20,2026-07-20,1
2026-07-20,VYV South Tower,0,S-3558,1BR,1,1.0,769,4185.0,,asking,,,,,,2026-07-20,2026-07-20,1
2026-07-20,VYV South Tower,0,S-2857,2BR,2,2.0,1210,6075.0,,asking,,,,,,2026-07-20,2026-07-20,1
2026-07-20,VYV South Tower,0,S-3460,2BR,2,2.0,1179,5805.0,,asking,,,,,,2026-07-20,2026-07-20,1
2026-07-20,VYV South Tower,0,S-3256,Studio,0,1.0,528,3545.0,,asking,,,,,,2026-07-20,2026-07-20,1
2026-07-20,VYV South Tower,0,S-3556,Studio,0,1.0,528,3570.0,,asking,,,,,,2026-07-20,2026-07-20,1
